{"CategoryName":"GreyNoisePlaybooks","OverviewTemplatesDetails":[],"WidgetTemplates":[],"Definition":{"Identifier":"6cfd419f-f0a5-4dbf-a81f-d7b26c5f5861","IsEnable":true,"Version":0.0,"IsArchived":false,"IsAutomatic":false,"Name":"Network Containment Based on GreyNoise IP Feed - GreyNoise","Category":11,"Description":"Automated process of blocking or unblocking IP address via Zscaler based on real-time threat intelligence from the GreyNoise IP feed, which is ingested via a Webhook. It enhances network security by dynamically responding to changes in IP classification.","Priority":2,"Creator":"98354f51-7714-4bde-b13a-5222e21182bc","VersionCreator":null,"VersionComment":null,"OriginalWorkflowIdentifier":"de0a3435-0464-4190-bfa0-aef4d00f4e76","TemplateName":null,"PlaybookType":0,"IsDebugMode":false,"DebugBaseAlertIdentifier":null,"DebugAlertIdentifier":null,"SimulationClone":false,"DefaultAccessLevel":2,"CreationSource":1,"Steps":[{"Identifier":"12f600f4-0ca2-406f-bd0f-774751116d92","OriginalStepIdentifier":"f21a60f3-9ab3-4444-8116-d4eefa484e29","ParentWorkflowIdentifier":"6cfd419f-f0a5-4dbf-a81f-d7b26c5f5861","ParentStepIdentifiers":["b7dcde54-f19b-43e2-a392-e4c6c8396383"],"ParentStepIdentifier":"b7dcde54-f19b-43e2-a392-e4c6c8396383","PreviousResultCondition":"{\"b7dcde54-f19b-43e2-a392-e4c6c8396383\":\"1\"}","InstanceName":"Add IP to Blacklist","IsAutomatic":true,"Name":"Zscaler_Add To Blacklist","IsSkippable":false,"Description":"This step automatically adds identified malicious IP addresses to the Zscaler blacklist, preventing any network traffic from these sources.","ActionProvider":"Scripts","ActionName":"Zscaler_Add To Blacklist","Type":0,"Integration":"Zscaler","Parameters":[{"ParentStepIdentifier":"12f600f4-0ca2-406f-bd0f-774751116d92","ParentWorkflowIdentifier":"6cfd419f-f0a5-4dbf-a81f-d7b26c5f5861","Name":"AssignedUsers","Value":null},{"ParentStepIdentifier":"12f600f4-0ca2-406f-bd0f-774751116d92","ParentWorkflowIdentifier":"6cfd419f-f0a5-4dbf-a81f-d7b26c5f5861","Name":"DynamicInjectionInstancePlaceholder","Value":""},{"ParentStepIdentifier":"12f600f4-0ca2-406f-bd0f-774751116d92","ParentWorkflowIdentifier":"6cfd419f-f0a5-4dbf-a81f-d7b26c5f5861","Name":"FallbackIntegrationInstance","Value":"f5fb2e63-b1a2-42d7-8407-64fd5c676ea3"},{"ParentStepIdentifier":"12f600f4-0ca2-406f-bd0f-774751116d92","ParentWorkflowIdentifier":"6cfd419f-f0a5-4dbf-a81f-d7b26c5f5861","Name":"FetchInstanceByName","Value":"false"},{"ParentStepIdentifier":"12f600f4-0ca2-406f-bd0f-774751116d92","ParentWorkflowIdentifier":"6cfd419f-f0a5-4dbf-a81f-d7b26c5f5861","Name":"HasApprovalLink","Value":null},{"ParentStepIdentifier":"12f600f4-0ca2-406f-bd0f-774751116d92","ParentWorkflowIdentifier":"6cfd419f-f0a5-4dbf-a81f-d7b26c5f5861","Name":"IntegrationInstance","Value":"AutomaticEnvironment"},{"ParentStepIdentifier":"12f600f4-0ca2-406f-bd0f-774751116d92","ParentWorkflowIdentifier":"6cfd419f-f0a5-4dbf-a81f-d7b26c5f5861","Name":"MessageToAssignee","Value":null},{"ParentStepIdentifier":"12f600f4-0ca2-406f-bd0f-774751116d92","ParentWorkflowIdentifier":"6cfd419f-f0a5-4dbf-a81f-d7b26c5f5861","Name":"PendingActionTimeout","Value":null},{"ParentStepIdentifier":"12f600f4-0ca2-406f-bd0f-774751116d92","ParentWorkflowIdentifier":"6cfd419f-f0a5-4dbf-a81f-d7b26c5f5861","Name":"RetryConfiguration","Value":"{\"Enabled\":false,\"IntervalInSeconds\":30,\"NumberOfRetries\":1}"},{"ParentStepIdentifier":"12f600f4-0ca2-406f-bd0f-774751116d92","ParentWorkflowIdentifier":"6cfd419f-f0a5-4dbf-a81f-d7b26c5f5861","Name":"ScriptName","Value":"Zscaler_Add To Blacklist"},{"ParentStepIdentifier":"12f600f4-0ca2-406f-bd0f-774751116d92","ParentWorkflowIdentifier":"6cfd419f-f0a5-4dbf-a81f-d7b26c5f5861","Name":"ScriptParametersEntityFields","Value":"{}"},{"ParentStepIdentifier":"12f600f4-0ca2-406f-bd0f-774751116d92","ParentWorkflowIdentifier":"6cfd419f-f0a5-4dbf-a81f-d7b26c5f5861","Name":"SelectedScopeName","Value":"All IP addresses"},{"ParentStepIdentifier":"12f600f4-0ca2-406f-bd0f-774751116d92","ParentWorkflowIdentifier":"6cfd419f-f0a5-4dbf-a81f-d7b26c5f5861","Name":"UseEntitiesLoopScope","Value":null}],"AutoSkipOnFailure":false,"IsDebugMockData":false,"StepDebugData":{"CreationTimeUnixTimeInMs":0,"ModificationTimeUnixTimeInMs":0,"OriginalWorkflowIdentifier":"de0a3435-0464-4190-bfa0-aef4d00f4e76","OriginalStepIdentifier":"f21a60f3-9ab3-4444-8116-d4eefa484e29","ResultValue":"","ResultJson":"","ScopeEntitiesEnrichmentData":[],"ScopeEntitiesEnrichmentDataJson":"[]"},"ParentStepContainerId":null,"IsTouchedByAi":false,"StartLoopStepIdentifier":null,"ParallelActions":[]},{"Identifier":"9b618753-0956-44ea-8a6c-38d3d001c981","OriginalStepIdentifier":"471bf3a9-bdbc-4dac-826c-cd0fb9f5c499","ParentWorkflowIdentifier":"6cfd419f-f0a5-4dbf-a81f-d7b26c5f5861","ParentStepIdentifiers":[],"ParentStepIdentifier":"","PreviousResultCondition":"{}","InstanceName":"Create IP Entity if not Present","IsAutomatic":true,"Name":"Siemplify_Create Entity","IsSkippable":false,"Description":"Creates a new IP entity from the GreyNoise Feed Alert if not present.","ActionProvider":"Scripts","ActionName":"Siemplify_Create Entity","Type":0,"Integration":"Siemplify","Parameters":[{"ParentStepIdentifier":"9b618753-0956-44ea-8a6c-38d3d001c981","ParentWorkflowIdentifier":"6cfd419f-f0a5-4dbf-a81f-d7b26c5f5861","Name":"AssignedUsers","Value":null},{"ParentStepIdentifier":"9b618753-0956-44ea-8a6c-38d3d001c981","ParentWorkflowIdentifier":"6cfd419f-f0a5-4dbf-a81f-d7b26c5f5861","Name":"DynamicInjectionInstancePlaceholder","Value":""},{"ParentStepIdentifier":"9b618753-0956-44ea-8a6c-38d3d001c981","ParentWorkflowIdentifier":"6cfd419f-f0a5-4dbf-a81f-d7b26c5f5861","Name":"FallbackIntegrationInstance","Value":"8c3734bd-bcbf-4075-9282-0e9179973044"},{"ParentStepIdentifier":"9b618753-0956-44ea-8a6c-38d3d001c981","ParentWorkflowIdentifier":"6cfd419f-f0a5-4dbf-a81f-d7b26c5f5861","Name":"FetchInstanceByName","Value":"false"},{"ParentStepIdentifier":"9b618753-0956-44ea-8a6c-38d3d001c981","ParentWorkflowIdentifier":"6cfd419f-f0a5-4dbf-a81f-d7b26c5f5861","Name":"HasApprovalLink","Value":null},{"ParentStepIdentifier":"9b618753-0956-44ea-8a6c-38d3d001c981","ParentWorkflowIdentifier":"6cfd419f-f0a5-4dbf-a81f-d7b26c5f5861","Name":"IntegrationInstance","Value":"AutomaticEnvironment"},{"ParentStepIdentifier":"9b618753-0956-44ea-8a6c-38d3d001c981","ParentWorkflowIdentifier":"6cfd419f-f0a5-4dbf-a81f-d7b26c5f5861","Name":"MessageToAssignee","Value":null},{"ParentStepIdentifier":"9b618753-0956-44ea-8a6c-38d3d001c981","ParentWorkflowIdentifier":"6cfd419f-f0a5-4dbf-a81f-d7b26c5f5861","Name":"PendingActionTimeout","Value":null},{"ParentStepIdentifier":"9b618753-0956-44ea-8a6c-38d3d001c981","ParentWorkflowIdentifier":"6cfd419f-f0a5-4dbf-a81f-d7b26c5f5861","Name":"RetryConfiguration","Value":"{\"Enabled\":false,\"IntervalInSeconds\":30,\"NumberOfRetries\":1}"},{"ParentStepIdentifier":"9b618753-0956-44ea-8a6c-38d3d001c981","ParentWorkflowIdentifier":"6cfd419f-f0a5-4dbf-a81f-d7b26c5f5861","Name":"ScriptName","Value":"Siemplify_Create Entity"},{"ParentStepIdentifier":"9b618753-0956-44ea-8a6c-38d3d001c981","ParentWorkflowIdentifier":"6cfd419f-f0a5-4dbf-a81f-d7b26c5f5861","Name":"ScriptParametersEntityFields","Value":"{\"Entities Identifies\":\"[Event.ip]\",\"Delimiter\":\",\",\"Entity Type\":\"ADDRESS\",\"Is Internal\":false,\"Is Suspicious\":false}"},{"ParentStepIdentifier":"9b618753-0956-44ea-8a6c-38d3d001c981","ParentWorkflowIdentifier":"6cfd419f-f0a5-4dbf-a81f-d7b26c5f5861","Name":"SelectedScopeName","Value":"All entities"},{"ParentStepIdentifier":"9b618753-0956-44ea-8a6c-38d3d001c981","ParentWorkflowIdentifier":"6cfd419f-f0a5-4dbf-a81f-d7b26c5f5861","Name":"UseEntitiesLoopScope","Value":null}],"AutoSkipOnFailure":false,"IsDebugMockData":false,"StepDebugData":{"CreationTimeUnixTimeInMs":0,"ModificationTimeUnixTimeInMs":0,"OriginalWorkflowIdentifier":"de0a3435-0464-4190-bfa0-aef4d00f4e76","OriginalStepIdentifier":"471bf3a9-bdbc-4dac-826c-cd0fb9f5c499","ResultValue":"","ResultJson":"","ScopeEntitiesEnrichmentData":[],"ScopeEntitiesEnrichmentDataJson":"[]"},"ParentStepContainerId":null,"IsTouchedByAi":false,"StartLoopStepIdentifier":null,"ParallelActions":[]},{"Identifier":"9c292b16-f9d0-4149-a925-30bfac2b2c4e","OriginalStepIdentifier":"962c2553-4d00-4ee5-a51d-b60fbfc9756e","ParentWorkflowIdentifier":"6cfd419f-f0a5-4dbf-a81f-d7b26c5f5861","ParentStepIdentifiers":["b7dcde54-f19b-43e2-a392-e4c6c8396383"],"ParentStepIdentifier":"b7dcde54-f19b-43e2-a392-e4c6c8396383","PreviousResultCondition":"{\"b7dcde54-f19b-43e2-a392-e4c6c8396383\":\"2\"}","InstanceName":"Add IP to Whitelist","IsAutomatic":true,"Name":"Zscaler_Add To Whitelist","IsSkippable":false,"Description":"Adds identified benign IP addresses to the Zscaler whitelist, ensuring they are not blocked by network security measures.","ActionProvider":"Scripts","ActionName":"Zscaler_Add To Whitelist","Type":0,"Integration":"Zscaler","Parameters":[{"ParentStepIdentifier":"9c292b16-f9d0-4149-a925-30bfac2b2c4e","ParentWorkflowIdentifier":"6cfd419f-f0a5-4dbf-a81f-d7b26c5f5861","Name":"AssignedUsers","Value":null},{"ParentStepIdentifier":"9c292b16-f9d0-4149-a925-30bfac2b2c4e","ParentWorkflowIdentifier":"6cfd419f-f0a5-4dbf-a81f-d7b26c5f5861","Name":"DynamicInjectionInstancePlaceholder","Value":""},{"ParentStepIdentifier":"9c292b16-f9d0-4149-a925-30bfac2b2c4e","ParentWorkflowIdentifier":"6cfd419f-f0a5-4dbf-a81f-d7b26c5f5861","Name":"FallbackIntegrationInstance","Value":"f5fb2e63-b1a2-42d7-8407-64fd5c676ea3"},{"ParentStepIdentifier":"9c292b16-f9d0-4149-a925-30bfac2b2c4e","ParentWorkflowIdentifier":"6cfd419f-f0a5-4dbf-a81f-d7b26c5f5861","Name":"FetchInstanceByName","Value":"false"},{"ParentStepIdentifier":"9c292b16-f9d0-4149-a925-30bfac2b2c4e","ParentWorkflowIdentifier":"6cfd419f-f0a5-4dbf-a81f-d7b26c5f5861","Name":"HasApprovalLink","Value":null},{"ParentStepIdentifier":"9c292b16-f9d0-4149-a925-30bfac2b2c4e","ParentWorkflowIdentifier":"6cfd419f-f0a5-4dbf-a81f-d7b26c5f5861","Name":"IntegrationInstance","Value":"AutomaticEnvironment"},{"ParentStepIdentifier":"9c292b16-f9d0-4149-a925-30bfac2b2c4e","ParentWorkflowIdentifier":"6cfd419f-f0a5-4dbf-a81f-d7b26c5f5861","Name":"MessageToAssignee","Value":null},{"ParentStepIdentifier":"9c292b16-f9d0-4149-a925-30bfac2b2c4e","ParentWorkflowIdentifier":"6cfd419f-f0a5-4dbf-a81f-d7b26c5f5861","Name":"PendingActionTimeout","Value":null},{"ParentStepIdentifier":"9c292b16-f9d0-4149-a925-30bfac2b2c4e","ParentWorkflowIdentifier":"6cfd419f-f0a5-4dbf-a81f-d7b26c5f5861","Name":"RetryConfiguration","Value":"{\"Enabled\":false,\"IntervalInSeconds\":30,\"NumberOfRetries\":1}"},{"ParentStepIdentifier":"9c292b16-f9d0-4149-a925-30bfac2b2c4e","ParentWorkflowIdentifier":"6cfd419f-f0a5-4dbf-a81f-d7b26c5f5861","Name":"ScriptName","Value":"Zscaler_Add To Whitelist"},{"ParentStepIdentifier":"9c292b16-f9d0-4149-a925-30bfac2b2c4e","ParentWorkflowIdentifier":"6cfd419f-f0a5-4dbf-a81f-d7b26c5f5861","Name":"ScriptParametersEntityFields","Value":"{}"},{"ParentStepIdentifier":"9c292b16-f9d0-4149-a925-30bfac2b2c4e","ParentWorkflowIdentifier":"6cfd419f-f0a5-4dbf-a81f-d7b26c5f5861","Name":"SelectedScopeName","Value":"All IP addresses"},{"ParentStepIdentifier":"9c292b16-f9d0-4149-a925-30bfac2b2c4e","ParentWorkflowIdentifier":"6cfd419f-f0a5-4dbf-a81f-d7b26c5f5861","Name":"UseEntitiesLoopScope","Value":null}],"AutoSkipOnFailure":false,"IsDebugMockData":false,"StepDebugData":{"CreationTimeUnixTimeInMs":0,"ModificationTimeUnixTimeInMs":0,"OriginalWorkflowIdentifier":"de0a3435-0464-4190-bfa0-aef4d00f4e76","OriginalStepIdentifier":"962c2553-4d00-4ee5-a51d-b60fbfc9756e","ResultValue":"","ResultJson":"","ScopeEntitiesEnrichmentData":[],"ScopeEntitiesEnrichmentDataJson":"[]"},"ParentStepContainerId":null,"IsTouchedByAi":false,"StartLoopStepIdentifier":null,"ParallelActions":[]},{"Identifier":"b7dcde54-f19b-43e2-a392-e4c6c8396383","OriginalStepIdentifier":"bfbb3428-c583-4085-91c8-b3a1b9537b84","ParentWorkflowIdentifier":"6cfd419f-f0a5-4dbf-a81f-d7b26c5f5861","ParentStepIdentifiers":["9b618753-0956-44ea-8a6c-38d3d001c981"],"ParentStepIdentifier":"9b618753-0956-44ea-8a6c-38d3d001c981","PreviousResultCondition":"{}","InstanceName":"Evaluate IP Classification","IsAutomatic":true,"Name":"Condition","IsSkippable":false,"Description":"This condition evaluates the classification of GreyNoise Feed IP (malicious, benign, etc.) to determine the appropriate action path within the playbook.","ActionProvider":"Flow","ActionName":"IfFlowCondition","Type":4,"Integration":"Flow","Parameters":[{"ParentStepIdentifier":"b7dcde54-f19b-43e2-a392-e4c6c8396383","ParentWorkflowIdentifier":"6cfd419f-f0a5-4dbf-a81f-d7b26c5f5861","Name":"AssignedUsers","Value":null},{"ParentStepIdentifier":"b7dcde54-f19b-43e2-a392-e4c6c8396383","ParentWorkflowIdentifier":"6cfd419f-f0a5-4dbf-a81f-d7b26c5f5861","Name":"Branches","Value":"[{\"LogicalOperator\":1,\"Conditions\":[{\"Operator\":0,\"FieldName\":\"[Event.new_state.classification]\",\"Type\":7,\"Value\":\"malicious\",\"CustomOperatorName\":null},{\"Operator\":0,\"FieldName\":\"[Event.new_state.classification]\",\"Type\":7,\"Value\":\"suspicious\",\"CustomOperatorName\":null},{\"Operator\":0,\"FieldName\":\"[Event.new_state]\",\"Type\":7,\"Value\":\"malicious\",\"CustomOperatorName\":null},{\"Operator\":0,\"FieldName\":\"[Event.new_state]\",\"Type\":7,\"Value\":\"suspicious\",\"CustomOperatorName\":null}],\"Order\":1,\"IsDefaultBranch\":false,\"Name\":\"Malicious or Suspicious\"},{\"LogicalOperator\":0,\"Conditions\":[],\"Order\":3,\"IsDefaultBranch\":true,\"Name\":\"Branch\"},{\"LogicalOperator\":1,\"Conditions\":[{\"Operator\":0,\"FieldName\":\"[Event.new_state.classification]\",\"Type\":7,\"Value\":\"benign\",\"CustomOperatorName\":null},{\"Operator\":0,\"FieldName\":\"[Event.new_state]\",\"Type\":7,\"Value\":\"benign\",\"CustomOperatorName\":null}],\"Order\":2,\"IsDefaultBranch\":false,\"Name\":\"Benign\"}]"},{"ParentStepIdentifier":"b7dcde54-f19b-43e2-a392-e4c6c8396383","ParentWorkflowIdentifier":"6cfd419f-f0a5-4dbf-a81f-d7b26c5f5861","Name":"ErrorFallbackBranch","Value":null},{"ParentStepIdentifier":"b7dcde54-f19b-43e2-a392-e4c6c8396383","ParentWorkflowIdentifier":"6cfd419f-f0a5-4dbf-a81f-d7b26c5f5861","Name":"HasApprovalLink","Value":null},{"ParentStepIdentifier":"b7dcde54-f19b-43e2-a392-e4c6c8396383","ParentWorkflowIdentifier":"6cfd419f-f0a5-4dbf-a81f-d7b26c5f5861","Name":"MessageToAssignee","Value":null},{"ParentStepIdentifier":"b7dcde54-f19b-43e2-a392-e4c6c8396383","ParentWorkflowIdentifier":"6cfd419f-f0a5-4dbf-a81f-d7b26c5f5861","Name":"PendingActionTimeout","Value":null},{"ParentStepIdentifier":"b7dcde54-f19b-43e2-a392-e4c6c8396383","ParentWorkflowIdentifier":"6cfd419f-f0a5-4dbf-a81f-d7b26c5f5861","Name":"SelectedScopeName","Value":"All entities"},{"ParentStepIdentifier":"b7dcde54-f19b-43e2-a392-e4c6c8396383","ParentWorkflowIdentifier":"6cfd419f-f0a5-4dbf-a81f-d7b26c5f5861","Name":"UseEntitiesLoopScope","Value":"true"}],"AutoSkipOnFailure":false,"IsDebugMockData":false,"StepDebugData":null,"ParentStepContainerId":null,"IsTouchedByAi":false,"StartLoopStepIdentifier":null,"ParallelActions":[]}],"Triggers":[{"Identifier":"6e029224-d36c-4a3e-964f-aa4e2f024bf5","IsEnabled":true,"DefinitionIdentifier":"6cfd419f-f0a5-4dbf-a81f-d7b26c5f5861","Type":10,"WorkflowName":null,"LogicalOperator":1,"Conditions":[{"FieldName":"[Event.event_type]","MatchType":0,"Value":"IP Classification Change\r","CustomOperatorName":null},{"FieldName":"[Event.event_type]","MatchType":0,"Value":"ip-classification-change","CustomOperatorName":null}],"Environments":["*"]}],"OverviewTemplates":[],"Permissions":[],"Environments":["*"]}}