{"CategoryName":"GreyNoisePlaybooks","OverviewTemplatesDetails":[],"WidgetTemplates":[],"Definition":{"Identifier":"65261fbd-9625-464b-9201-885c4d377b9e","IsEnable":true,"Version":0.0,"IsArchived":false,"IsAutomatic":false,"Name":"Dynamic Case Naming from Webhook - GreyNoise","Category":11,"Description":"Dynamically renames cases based on alert/event data received via GreyNoise webhook to overcome webhook naming limitations. Optionally attaches additional playbooks to the alert for automated response workflows.","Priority":1,"Creator":"322ce0cd-9b16-4871-8c2d-134b55f8317f","VersionCreator":null,"VersionComment":null,"OriginalWorkflowIdentifier":"6486623c-e00a-4a96-9d2d-be55daff92bd","TemplateName":null,"PlaybookType":0,"IsDebugMode":false,"DebugBaseAlertIdentifier":null,"DebugAlertIdentifier":null,"SimulationClone":false,"DefaultAccessLevel":2,"CreationSource":1,"Steps":[{"Identifier":"121aed54-3340-4b5c-90b4-6f34a9daff1b","OriginalStepIdentifier":"7f8e53d7-b0f2-474e-bea3-80d79412745a","ParentWorkflowIdentifier":"65261fbd-9625-464b-9201-885c4d377b9e","ParentStepIdentifiers":["c232cbab-3f30-4a52-9f4e-faeb1e8ccb19"],"ParentStepIdentifier":"c232cbab-3f30-4a52-9f4e-faeb1e8ccb19","PreviousResultCondition":"{}","InstanceName":"Attach Noise Elimination Playbook (IP State Change)","IsAutomatic":true,"Name":"Tools_Attach Playbook to Alert","IsSkippable":false,"Description":"Attaches the \"GreyNoise - Noise Elimination\" playbook to analyze IP entities with changed classification states. Enables automated threat assessment and noise filtering for state change events.","ActionProvider":"Scripts","ActionName":"Tools_Attach Playbook to Alert","Type":0,"Integration":"Tools","Parameters":[{"ParentStepIdentifier":"121aed54-3340-4b5c-90b4-6f34a9daff1b","ParentWorkflowIdentifier":"65261fbd-9625-464b-9201-885c4d377b9e","Name":"AssignedUsers","Value":null},{"ParentStepIdentifier":"121aed54-3340-4b5c-90b4-6f34a9daff1b","ParentWorkflowIdentifier":"65261fbd-9625-464b-9201-885c4d377b9e","Name":"DynamicInjectionInstancePlaceholder","Value":""},{"ParentStepIdentifier":"121aed54-3340-4b5c-90b4-6f34a9daff1b","ParentWorkflowIdentifier":"65261fbd-9625-464b-9201-885c4d377b9e","Name":"FallbackIntegrationInstance","Value":"0d774e7b-6e5f-4e6e-9915-a242701644f9"},{"ParentStepIdentifier":"121aed54-3340-4b5c-90b4-6f34a9daff1b","ParentWorkflowIdentifier":"65261fbd-9625-464b-9201-885c4d377b9e","Name":"FetchInstanceByName","Value":"false"},{"ParentStepIdentifier":"121aed54-3340-4b5c-90b4-6f34a9daff1b","ParentWorkflowIdentifier":"65261fbd-9625-464b-9201-885c4d377b9e","Name":"HasApprovalLink","Value":null},{"ParentStepIdentifier":"121aed54-3340-4b5c-90b4-6f34a9daff1b","ParentWorkflowIdentifier":"65261fbd-9625-464b-9201-885c4d377b9e","Name":"IntegrationInstance","Value":"AutomaticEnvironment"},{"ParentStepIdentifier":"121aed54-3340-4b5c-90b4-6f34a9daff1b","ParentWorkflowIdentifier":"65261fbd-9625-464b-9201-885c4d377b9e","Name":"MessageToAssignee","Value":null},{"ParentStepIdentifier":"121aed54-3340-4b5c-90b4-6f34a9daff1b","ParentWorkflowIdentifier":"65261fbd-9625-464b-9201-885c4d377b9e","Name":"PendingActionTimeout","Value":null},{"ParentStepIdentifier":"121aed54-3340-4b5c-90b4-6f34a9daff1b","ParentWorkflowIdentifier":"65261fbd-9625-464b-9201-885c4d377b9e","Name":"RetryConfiguration","Value":"{\"Enabled\":false,\"IntervalInSeconds\":30,\"NumberOfRetries\":1}"},{"ParentStepIdentifier":"121aed54-3340-4b5c-90b4-6f34a9daff1b","ParentWorkflowIdentifier":"65261fbd-9625-464b-9201-885c4d377b9e","Name":"ScriptName","Value":"Tools_Attach Playbook to Alert"},{"ParentStepIdentifier":"121aed54-3340-4b5c-90b4-6f34a9daff1b","ParentWorkflowIdentifier":"65261fbd-9625-464b-9201-885c4d377b9e","Name":"ScriptParametersEntityFields","Value":"{\"Playbook Name\":\"Noise Elimination - GreyNoise\",\"Allow Duplicates\":true}"},{"ParentStepIdentifier":"121aed54-3340-4b5c-90b4-6f34a9daff1b","ParentWorkflowIdentifier":"65261fbd-9625-464b-9201-885c4d377b9e","Name":"SelectedScopeName","Value":"All entities"},{"ParentStepIdentifier":"121aed54-3340-4b5c-90b4-6f34a9daff1b","ParentWorkflowIdentifier":"65261fbd-9625-464b-9201-885c4d377b9e","Name":"UseEntitiesLoopScope","Value":null}],"AutoSkipOnFailure":false,"IsDebugMockData":false,"StepDebugData":{"CreationTimeUnixTimeInMs":0,"ModificationTimeUnixTimeInMs":0,"OriginalWorkflowIdentifier":"6486623c-e00a-4a96-9d2d-be55daff92bd","OriginalStepIdentifier":"7f8e53d7-b0f2-474e-bea3-80d79412745a","ResultValue":"","ResultJson":"","ScopeEntitiesEnrichmentData":[],"ScopeEntitiesEnrichmentDataJson":"[]"},"ParentStepContainerId":null,"IsTouchedByAi":false,"StartLoopStepIdentifier":null,"ParallelActions":[]},{"Identifier":"19c64cf6-40b0-4f66-9f1e-364da291f3d6","OriginalStepIdentifier":"ba9e5f0a-3d87-48fe-9347-59482eff00cb","ParentWorkflowIdentifier":"65261fbd-9625-464b-9201-885c4d377b9e","ParentStepIdentifiers":[],"ParentStepIdentifier":"","PreviousResultCondition":"{}","InstanceName":"Identify Alert Type","IsAutomatic":true,"Name":"Condition","IsSkippable":false,"Description":"Evaluates the alert source and available event data to determine the appropriate case naming pattern. Routes to different branches based on: (1) GreyNoise Alert, (2) CVE Change event, (3) IP Classification Change event, or (4) Default branch.\n","ActionProvider":"Flow","ActionName":"IfFlowCondition","Type":4,"Integration":"Flow","Parameters":[{"ParentStepIdentifier":"19c64cf6-40b0-4f66-9f1e-364da291f3d6","ParentWorkflowIdentifier":"65261fbd-9625-464b-9201-885c4d377b9e","Name":"AssignedUsers","Value":null},{"ParentStepIdentifier":"19c64cf6-40b0-4f66-9f1e-364da291f3d6","ParentWorkflowIdentifier":"65261fbd-9625-464b-9201-885c4d377b9e","Name":"Branches","Value":"[{\"LogicalOperator\":0,\"Conditions\":[{\"Operator\":0,\"FieldName\":\"[Alert.Product]\",\"Type\":7,\"Value\":\"GreyNoise-Alert\",\"CustomOperatorName\":null}],\"Order\":1,\"IsDefaultBranch\":false,\"Name\":\"GreyNoise Alerts\"},{\"LogicalOperator\":0,\"Conditions\":[],\"Order\":4,\"IsDefaultBranch\":true,\"Name\":\"Branch\"},{\"LogicalOperator\":0,\"Conditions\":[{\"Operator\":8,\"FieldName\":\"[Event.cve]\\n\",\"Type\":7,\"Value\":\"\",\"CustomOperatorName\":null}],\"Order\":2,\"IsDefaultBranch\":false,\"Name\":\"GreyNoise Feed CVE Change\"},{\"LogicalOperator\":0,\"Conditions\":[{\"Operator\":8,\"FieldName\":\"[Event.ip]\",\"Type\":7,\"Value\":\"\",\"CustomOperatorName\":null}],\"Order\":3,\"IsDefaultBranch\":false,\"Name\":\"GreyNoise Feed IP Classification Change\"}]"},{"ParentStepIdentifier":"19c64cf6-40b0-4f66-9f1e-364da291f3d6","ParentWorkflowIdentifier":"65261fbd-9625-464b-9201-885c4d377b9e","Name":"ErrorFallbackBranch","Value":null},{"ParentStepIdentifier":"19c64cf6-40b0-4f66-9f1e-364da291f3d6","ParentWorkflowIdentifier":"65261fbd-9625-464b-9201-885c4d377b9e","Name":"HasApprovalLink","Value":null},{"ParentStepIdentifier":"19c64cf6-40b0-4f66-9f1e-364da291f3d6","ParentWorkflowIdentifier":"65261fbd-9625-464b-9201-885c4d377b9e","Name":"MessageToAssignee","Value":null},{"ParentStepIdentifier":"19c64cf6-40b0-4f66-9f1e-364da291f3d6","ParentWorkflowIdentifier":"65261fbd-9625-464b-9201-885c4d377b9e","Name":"PendingActionTimeout","Value":null},{"ParentStepIdentifier":"19c64cf6-40b0-4f66-9f1e-364da291f3d6","ParentWorkflowIdentifier":"65261fbd-9625-464b-9201-885c4d377b9e","Name":"SelectedScopeName","Value":"All entities"},{"ParentStepIdentifier":"19c64cf6-40b0-4f66-9f1e-364da291f3d6","ParentWorkflowIdentifier":"65261fbd-9625-464b-9201-885c4d377b9e","Name":"UseEntitiesLoopScope","Value":"true"}],"AutoSkipOnFailure":false,"IsDebugMockData":false,"StepDebugData":null,"ParentStepContainerId":null,"IsTouchedByAi":false,"StartLoopStepIdentifier":null,"ParallelActions":[]},{"Identifier":"a10de56f-ddab-4d3f-ac9d-e72c0169d328","OriginalStepIdentifier":"f560d9f5-7583-4e1e-a3b1-217b7b9dec40","ParentWorkflowIdentifier":"65261fbd-9625-464b-9201-885c4d377b9e","ParentStepIdentifiers":["19c64cf6-40b0-4f66-9f1e-364da291f3d6"],"ParentStepIdentifier":"19c64cf6-40b0-4f66-9f1e-364da291f3d6","PreviousResultCondition":"{\"19c64cf6-40b0-4f66-9f1e-364da291f3d6\":\"1\"}","InstanceName":"Rename Case - IP Alert Format","IsAutomatic":true,"Name":"Tools_Change Case Name","IsSkippable":false,"Description":"Renames the case using IP-based alert format: \"[Product]: [EventName] IP [ip] [classification]\". Applied when processing standard GreyNoise alerts with IP classification data.","ActionProvider":"Scripts","ActionName":"Tools_Change Case Name","Type":0,"Integration":"Tools","Parameters":[{"ParentStepIdentifier":"a10de56f-ddab-4d3f-ac9d-e72c0169d328","ParentWorkflowIdentifier":"65261fbd-9625-464b-9201-885c4d377b9e","Name":"AssignedUsers","Value":null},{"ParentStepIdentifier":"a10de56f-ddab-4d3f-ac9d-e72c0169d328","ParentWorkflowIdentifier":"65261fbd-9625-464b-9201-885c4d377b9e","Name":"DynamicInjectionInstancePlaceholder","Value":""},{"ParentStepIdentifier":"a10de56f-ddab-4d3f-ac9d-e72c0169d328","ParentWorkflowIdentifier":"65261fbd-9625-464b-9201-885c4d377b9e","Name":"FallbackIntegrationInstance","Value":"0d774e7b-6e5f-4e6e-9915-a242701644f9"},{"ParentStepIdentifier":"a10de56f-ddab-4d3f-ac9d-e72c0169d328","ParentWorkflowIdentifier":"65261fbd-9625-464b-9201-885c4d377b9e","Name":"FetchInstanceByName","Value":"false"},{"ParentStepIdentifier":"a10de56f-ddab-4d3f-ac9d-e72c0169d328","ParentWorkflowIdentifier":"65261fbd-9625-464b-9201-885c4d377b9e","Name":"HasApprovalLink","Value":null},{"ParentStepIdentifier":"a10de56f-ddab-4d3f-ac9d-e72c0169d328","ParentWorkflowIdentifier":"65261fbd-9625-464b-9201-885c4d377b9e","Name":"IntegrationInstance","Value":"AutomaticEnvironment"},{"ParentStepIdentifier":"a10de56f-ddab-4d3f-ac9d-e72c0169d328","ParentWorkflowIdentifier":"65261fbd-9625-464b-9201-885c4d377b9e","Name":"MessageToAssignee","Value":null},{"ParentStepIdentifier":"a10de56f-ddab-4d3f-ac9d-e72c0169d328","ParentWorkflowIdentifier":"65261fbd-9625-464b-9201-885c4d377b9e","Name":"PendingActionTimeout","Value":null},{"ParentStepIdentifier":"a10de56f-ddab-4d3f-ac9d-e72c0169d328","ParentWorkflowIdentifier":"65261fbd-9625-464b-9201-885c4d377b9e","Name":"RetryConfiguration","Value":"{\"Enabled\":false,\"IntervalInSeconds\":30,\"NumberOfRetries\":1}"},{"ParentStepIdentifier":"a10de56f-ddab-4d3f-ac9d-e72c0169d328","ParentWorkflowIdentifier":"65261fbd-9625-464b-9201-885c4d377b9e","Name":"ScriptName","Value":"Tools_Change Case Name"},{"ParentStepIdentifier":"a10de56f-ddab-4d3f-ac9d-e72c0169d328","ParentWorkflowIdentifier":"65261fbd-9625-464b-9201-885c4d377b9e","Name":"ScriptParametersEntityFields","Value":"{\"New Name\":\"[Alert.Product]: [Alert.EventName] IP [Event.ip] [Event.classification]\",\"Only If First Alert\":true}"},{"ParentStepIdentifier":"a10de56f-ddab-4d3f-ac9d-e72c0169d328","ParentWorkflowIdentifier":"65261fbd-9625-464b-9201-885c4d377b9e","Name":"SelectedScopeName","Value":"All entities"},{"ParentStepIdentifier":"a10de56f-ddab-4d3f-ac9d-e72c0169d328","ParentWorkflowIdentifier":"65261fbd-9625-464b-9201-885c4d377b9e","Name":"UseEntitiesLoopScope","Value":null}],"AutoSkipOnFailure":false,"IsDebugMockData":false,"StepDebugData":{"CreationTimeUnixTimeInMs":0,"ModificationTimeUnixTimeInMs":0,"OriginalWorkflowIdentifier":"6486623c-e00a-4a96-9d2d-be55daff92bd","OriginalStepIdentifier":"f560d9f5-7583-4e1e-a3b1-217b7b9dec40","ResultValue":"","ResultJson":"","ScopeEntitiesEnrichmentData":[],"ScopeEntitiesEnrichmentDataJson":"[]"},"ParentStepContainerId":null,"IsTouchedByAi":false,"StartLoopStepIdentifier":null,"ParallelActions":[]},{"Identifier":"c232cbab-3f30-4a52-9f4e-faeb1e8ccb19","OriginalStepIdentifier":"5e06fb33-edee-48ab-9a97-93b3211b433e","ParentWorkflowIdentifier":"65261fbd-9625-464b-9201-885c4d377b9e","ParentStepIdentifiers":["19c64cf6-40b0-4f66-9f1e-364da291f3d6"],"ParentStepIdentifier":"19c64cf6-40b0-4f66-9f1e-364da291f3d6","PreviousResultCondition":"{\"19c64cf6-40b0-4f66-9f1e-364da291f3d6\":\"3\"}","InstanceName":"Rename Case - IP State Change Format","IsAutomatic":true,"Name":"Tools_Change Case Name","IsSkippable":false,"Description":"Renames the case using IP state change format: \"[Product]: [EventName] IP [ip] [new_state] Detected\". Applied when GreyNoise detects a change in IP classification or behavioral state. Only executes if this is the first alert in the case.","ActionProvider":"Scripts","ActionName":"Tools_Change Case Name","Type":0,"Integration":"Tools","Parameters":[{"ParentStepIdentifier":"c232cbab-3f30-4a52-9f4e-faeb1e8ccb19","ParentWorkflowIdentifier":"65261fbd-9625-464b-9201-885c4d377b9e","Name":"AssignedUsers","Value":null},{"ParentStepIdentifier":"c232cbab-3f30-4a52-9f4e-faeb1e8ccb19","ParentWorkflowIdentifier":"65261fbd-9625-464b-9201-885c4d377b9e","Name":"DynamicInjectionInstancePlaceholder","Value":""},{"ParentStepIdentifier":"c232cbab-3f30-4a52-9f4e-faeb1e8ccb19","ParentWorkflowIdentifier":"65261fbd-9625-464b-9201-885c4d377b9e","Name":"FallbackIntegrationInstance","Value":"0d774e7b-6e5f-4e6e-9915-a242701644f9"},{"ParentStepIdentifier":"c232cbab-3f30-4a52-9f4e-faeb1e8ccb19","ParentWorkflowIdentifier":"65261fbd-9625-464b-9201-885c4d377b9e","Name":"FetchInstanceByName","Value":"false"},{"ParentStepIdentifier":"c232cbab-3f30-4a52-9f4e-faeb1e8ccb19","ParentWorkflowIdentifier":"65261fbd-9625-464b-9201-885c4d377b9e","Name":"HasApprovalLink","Value":null},{"ParentStepIdentifier":"c232cbab-3f30-4a52-9f4e-faeb1e8ccb19","ParentWorkflowIdentifier":"65261fbd-9625-464b-9201-885c4d377b9e","Name":"IntegrationInstance","Value":"AutomaticEnvironment"},{"ParentStepIdentifier":"c232cbab-3f30-4a52-9f4e-faeb1e8ccb19","ParentWorkflowIdentifier":"65261fbd-9625-464b-9201-885c4d377b9e","Name":"MessageToAssignee","Value":null},{"ParentStepIdentifier":"c232cbab-3f30-4a52-9f4e-faeb1e8ccb19","ParentWorkflowIdentifier":"65261fbd-9625-464b-9201-885c4d377b9e","Name":"PendingActionTimeout","Value":null},{"ParentStepIdentifier":"c232cbab-3f30-4a52-9f4e-faeb1e8ccb19","ParentWorkflowIdentifier":"65261fbd-9625-464b-9201-885c4d377b9e","Name":"RetryConfiguration","Value":"{\"Enabled\":false,\"IntervalInSeconds\":30,\"NumberOfRetries\":1}"},{"ParentStepIdentifier":"c232cbab-3f30-4a52-9f4e-faeb1e8ccb19","ParentWorkflowIdentifier":"65261fbd-9625-464b-9201-885c4d377b9e","Name":"ScriptName","Value":"Tools_Change Case Name"},{"ParentStepIdentifier":"c232cbab-3f30-4a52-9f4e-faeb1e8ccb19","ParentWorkflowIdentifier":"65261fbd-9625-464b-9201-885c4d377b9e","Name":"ScriptParametersEntityFields","Value":"{\"New Name\":\"[Alert.Product]: [Alert.EventName] IP [Event.ip] [Event.new_state] Detected\",\"Only If First Alert\":true}"},{"ParentStepIdentifier":"c232cbab-3f30-4a52-9f4e-faeb1e8ccb19","ParentWorkflowIdentifier":"65261fbd-9625-464b-9201-885c4d377b9e","Name":"SelectedScopeName","Value":"All entities"},{"ParentStepIdentifier":"c232cbab-3f30-4a52-9f4e-faeb1e8ccb19","ParentWorkflowIdentifier":"65261fbd-9625-464b-9201-885c4d377b9e","Name":"UseEntitiesLoopScope","Value":null}],"AutoSkipOnFailure":false,"IsDebugMockData":false,"StepDebugData":{"CreationTimeUnixTimeInMs":0,"ModificationTimeUnixTimeInMs":0,"OriginalWorkflowIdentifier":"6486623c-e00a-4a96-9d2d-be55daff92bd","OriginalStepIdentifier":"5e06fb33-edee-48ab-9a97-93b3211b433e","ResultValue":"","ResultJson":"","ScopeEntitiesEnrichmentData":[],"ScopeEntitiesEnrichmentDataJson":"[]"},"ParentStepContainerId":null,"IsTouchedByAi":false,"StartLoopStepIdentifier":null,"ParallelActions":[]},{"Identifier":"e6f37863-f8df-41ab-a039-d70c4e7ff1ca","OriginalStepIdentifier":"a84c2c8b-231b-41a1-9387-a1fec76328f6","ParentWorkflowIdentifier":"65261fbd-9625-464b-9201-885c4d377b9e","ParentStepIdentifiers":["19c64cf6-40b0-4f66-9f1e-364da291f3d6"],"ParentStepIdentifier":"19c64cf6-40b0-4f66-9f1e-364da291f3d6","PreviousResultCondition":"{\"19c64cf6-40b0-4f66-9f1e-364da291f3d6\":\"2\"}","InstanceName":"Rename Case - CVE Activity Format","IsAutomatic":true,"Name":"Tools_Change Case Name","IsSkippable":false,"Description":"Renames the case using CVE-based format: \"[Product]: [EventName] [cve] new activity - [activity_seen]\". Applied when processing CVE change notifications from GreyNoise threat intelligence. ","ActionProvider":"Scripts","ActionName":"Tools_Change Case Name","Type":0,"Integration":"Tools","Parameters":[{"ParentStepIdentifier":"e6f37863-f8df-41ab-a039-d70c4e7ff1ca","ParentWorkflowIdentifier":"65261fbd-9625-464b-9201-885c4d377b9e","Name":"AssignedUsers","Value":null},{"ParentStepIdentifier":"e6f37863-f8df-41ab-a039-d70c4e7ff1ca","ParentWorkflowIdentifier":"65261fbd-9625-464b-9201-885c4d377b9e","Name":"DynamicInjectionInstancePlaceholder","Value":""},{"ParentStepIdentifier":"e6f37863-f8df-41ab-a039-d70c4e7ff1ca","ParentWorkflowIdentifier":"65261fbd-9625-464b-9201-885c4d377b9e","Name":"FallbackIntegrationInstance","Value":"0d774e7b-6e5f-4e6e-9915-a242701644f9"},{"ParentStepIdentifier":"e6f37863-f8df-41ab-a039-d70c4e7ff1ca","ParentWorkflowIdentifier":"65261fbd-9625-464b-9201-885c4d377b9e","Name":"FetchInstanceByName","Value":"false"},{"ParentStepIdentifier":"e6f37863-f8df-41ab-a039-d70c4e7ff1ca","ParentWorkflowIdentifier":"65261fbd-9625-464b-9201-885c4d377b9e","Name":"HasApprovalLink","Value":null},{"ParentStepIdentifier":"e6f37863-f8df-41ab-a039-d70c4e7ff1ca","ParentWorkflowIdentifier":"65261fbd-9625-464b-9201-885c4d377b9e","Name":"IntegrationInstance","Value":"AutomaticEnvironment"},{"ParentStepIdentifier":"e6f37863-f8df-41ab-a039-d70c4e7ff1ca","ParentWorkflowIdentifier":"65261fbd-9625-464b-9201-885c4d377b9e","Name":"MessageToAssignee","Value":null},{"ParentStepIdentifier":"e6f37863-f8df-41ab-a039-d70c4e7ff1ca","ParentWorkflowIdentifier":"65261fbd-9625-464b-9201-885c4d377b9e","Name":"PendingActionTimeout","Value":null},{"ParentStepIdentifier":"e6f37863-f8df-41ab-a039-d70c4e7ff1ca","ParentWorkflowIdentifier":"65261fbd-9625-464b-9201-885c4d377b9e","Name":"RetryConfiguration","Value":"{\"Enabled\":false,\"IntervalInSeconds\":30,\"NumberOfRetries\":1}"},{"ParentStepIdentifier":"e6f37863-f8df-41ab-a039-d70c4e7ff1ca","ParentWorkflowIdentifier":"65261fbd-9625-464b-9201-885c4d377b9e","Name":"ScriptName","Value":"Tools_Change Case Name"},{"ParentStepIdentifier":"e6f37863-f8df-41ab-a039-d70c4e7ff1ca","ParentWorkflowIdentifier":"65261fbd-9625-464b-9201-885c4d377b9e","Name":"ScriptParametersEntityFields","Value":"{\"New Name\":\"[Alert.Product]: [Alert.EventName] [Event.cve] new activity - [Event.new_state.activity_seen]\",\"Only If First Alert\":true}"},{"ParentStepIdentifier":"e6f37863-f8df-41ab-a039-d70c4e7ff1ca","ParentWorkflowIdentifier":"65261fbd-9625-464b-9201-885c4d377b9e","Name":"SelectedScopeName","Value":"All entities"},{"ParentStepIdentifier":"e6f37863-f8df-41ab-a039-d70c4e7ff1ca","ParentWorkflowIdentifier":"65261fbd-9625-464b-9201-885c4d377b9e","Name":"UseEntitiesLoopScope","Value":null}],"AutoSkipOnFailure":false,"IsDebugMockData":false,"StepDebugData":{"CreationTimeUnixTimeInMs":0,"ModificationTimeUnixTimeInMs":0,"OriginalWorkflowIdentifier":"6486623c-e00a-4a96-9d2d-be55daff92bd","OriginalStepIdentifier":"a84c2c8b-231b-41a1-9387-a1fec76328f6","ResultValue":"","ResultJson":"","ScopeEntitiesEnrichmentData":[],"ScopeEntitiesEnrichmentDataJson":"[]"},"ParentStepContainerId":null,"IsTouchedByAi":false,"StartLoopStepIdentifier":null,"ParallelActions":[]}],"Triggers":[{"Identifier":"065458d6-d1f0-4766-af6b-e285250ff3e2","IsEnabled":true,"DefinitionIdentifier":"65261fbd-9625-464b-9201-885c4d377b9e","Type":10,"WorkflowName":null,"LogicalOperator":1,"Conditions":[{"FieldName":"[Alert.Product]","MatchType":0,"Value":"GreyNoise-Alert","CustomOperatorName":null},{"FieldName":"[Alert.Product]","MatchType":0,"Value":"GreyNoise-Feed\r","CustomOperatorName":null}],"Environments":["*"]}],"OverviewTemplates":[],"Permissions":[],"Environments":["*"]}}