{"CategoryName":"GreyNoisePlaybooks","OverviewTemplatesDetails":[],"WidgetTemplates":[],"Definition":{"Identifier":"bc0658da-01ee-478b-9acc-54f6d09af6e4","IsEnable":true,"Version":0.0,"IsArchived":false,"IsAutomatic":false,"Name":"Dynamic Case Naming from Webhook - GreyNoise","Category":11,"Description":"Dynamically renames cases based on alert/event data received via GreyNoise webhook to overcome webhook naming limitations. Optionally attaches additional playbooks to the alert for automated response workflows.","Priority":1,"Creator":"322ce0cd-9b16-4871-8c2d-134b55f8317f","VersionCreator":null,"VersionComment":null,"OriginalWorkflowIdentifier":"6486623c-e00a-4a96-9d2d-be55daff92bd","TemplateName":null,"PlaybookType":0,"IsDebugMode":false,"DebugBaseAlertIdentifier":null,"DebugAlertIdentifier":null,"SimulationClone":false,"DefaultAccessLevel":2,"CreationSource":1,"Steps":[{"Identifier":"5f5a53aa-7d8a-4ec9-b798-a424896e458f","OriginalStepIdentifier":"a84c2c8b-231b-41a1-9387-a1fec76328f6","ParentWorkflowIdentifier":"bc0658da-01ee-478b-9acc-54f6d09af6e4","ParentStepIdentifiers":["b96fb878-74e0-4388-8940-b1b99c90d1f3"],"ParentStepIdentifier":"b96fb878-74e0-4388-8940-b1b99c90d1f3","PreviousResultCondition":"{\"b96fb878-74e0-4388-8940-b1b99c90d1f3\":\"2\"}","InstanceName":"Rename Case - CVE Activity Format","IsAutomatic":true,"Name":"Tools_Change Case Name","IsSkippable":false,"Description":"Renames the case using CVE-based format: \"[Product]: [EventName] [cve] new activity - [activity_seen]\". Applied when processing CVE change notifications from GreyNoise threat intelligence. ","ActionProvider":"Scripts","ActionName":"Tools_Change Case Name","Type":0,"Integration":"Tools","Parameters":[{"ParentStepIdentifier":"5f5a53aa-7d8a-4ec9-b798-a424896e458f","ParentWorkflowIdentifier":"bc0658da-01ee-478b-9acc-54f6d09af6e4","Name":"AssignedUsers","Value":null},{"ParentStepIdentifier":"5f5a53aa-7d8a-4ec9-b798-a424896e458f","ParentWorkflowIdentifier":"bc0658da-01ee-478b-9acc-54f6d09af6e4","Name":"DynamicInjectionInstancePlaceholder","Value":""},{"ParentStepIdentifier":"5f5a53aa-7d8a-4ec9-b798-a424896e458f","ParentWorkflowIdentifier":"bc0658da-01ee-478b-9acc-54f6d09af6e4","Name":"FallbackIntegrationInstance","Value":"234d0d2b-6fa9-45a8-9208-a45d1588a354"},{"ParentStepIdentifier":"5f5a53aa-7d8a-4ec9-b798-a424896e458f","ParentWorkflowIdentifier":"bc0658da-01ee-478b-9acc-54f6d09af6e4","Name":"FetchInstanceByName","Value":"false"},{"ParentStepIdentifier":"5f5a53aa-7d8a-4ec9-b798-a424896e458f","ParentWorkflowIdentifier":"bc0658da-01ee-478b-9acc-54f6d09af6e4","Name":"HasApprovalLink","Value":null},{"ParentStepIdentifier":"5f5a53aa-7d8a-4ec9-b798-a424896e458f","ParentWorkflowIdentifier":"bc0658da-01ee-478b-9acc-54f6d09af6e4","Name":"IntegrationInstance","Value":"AutomaticEnvironment"},{"ParentStepIdentifier":"5f5a53aa-7d8a-4ec9-b798-a424896e458f","ParentWorkflowIdentifier":"bc0658da-01ee-478b-9acc-54f6d09af6e4","Name":"MessageToAssignee","Value":null},{"ParentStepIdentifier":"5f5a53aa-7d8a-4ec9-b798-a424896e458f","ParentWorkflowIdentifier":"bc0658da-01ee-478b-9acc-54f6d09af6e4","Name":"PendingActionTimeout","Value":null},{"ParentStepIdentifier":"5f5a53aa-7d8a-4ec9-b798-a424896e458f","ParentWorkflowIdentifier":"bc0658da-01ee-478b-9acc-54f6d09af6e4","Name":"RetryConfiguration","Value":"{\"Enabled\":false,\"IntervalInSeconds\":30,\"NumberOfRetries\":1}"},{"ParentStepIdentifier":"5f5a53aa-7d8a-4ec9-b798-a424896e458f","ParentWorkflowIdentifier":"bc0658da-01ee-478b-9acc-54f6d09af6e4","Name":"ScriptName","Value":"Tools_Change Case Name"},{"ParentStepIdentifier":"5f5a53aa-7d8a-4ec9-b798-a424896e458f","ParentWorkflowIdentifier":"bc0658da-01ee-478b-9acc-54f6d09af6e4","Name":"ScriptParametersEntityFields","Value":"{\"New Name\":\"[Alert.Product]: [Alert.EventName] [Event.cve] new activity - [Event.new_state.activity_seen]\",\"Only If First Alert\":true}"},{"ParentStepIdentifier":"5f5a53aa-7d8a-4ec9-b798-a424896e458f","ParentWorkflowIdentifier":"bc0658da-01ee-478b-9acc-54f6d09af6e4","Name":"SelectedScopeName","Value":"All entities"},{"ParentStepIdentifier":"5f5a53aa-7d8a-4ec9-b798-a424896e458f","ParentWorkflowIdentifier":"bc0658da-01ee-478b-9acc-54f6d09af6e4","Name":"UseEntitiesLoopScope","Value":null}],"AutoSkipOnFailure":false,"IsDebugMockData":false,"StepDebugData":{"CreationTimeUnixTimeInMs":0,"ModificationTimeUnixTimeInMs":0,"OriginalWorkflowIdentifier":"6486623c-e00a-4a96-9d2d-be55daff92bd","OriginalStepIdentifier":"a84c2c8b-231b-41a1-9387-a1fec76328f6","ResultValue":"","ResultJson":"","ScopeEntitiesEnrichmentData":[],"ScopeEntitiesEnrichmentDataJson":"[]"},"ParentStepContainerId":null,"IsTouchedByAi":false,"StartLoopStepIdentifier":null,"ParallelActions":[]},{"Identifier":"a0c9a9c5-97fa-4770-85c3-65f1dad1f704","OriginalStepIdentifier":"7f8e53d7-b0f2-474e-bea3-80d79412745a","ParentWorkflowIdentifier":"bc0658da-01ee-478b-9acc-54f6d09af6e4","ParentStepIdentifiers":["db1110c5-56e7-4400-98cb-9db959481462"],"ParentStepIdentifier":"db1110c5-56e7-4400-98cb-9db959481462","PreviousResultCondition":"{}","InstanceName":"Attach Noise Elimination Playbook (IP State Change)","IsAutomatic":true,"Name":"Tools_Attach Playbook to Alert","IsSkippable":false,"Description":"Attaches the \"GreyNoise - Noise Elimination\" playbook to analyze IP entities with changed classification states. Enables automated threat assessment and noise filtering for state change events.","ActionProvider":"Scripts","ActionName":"Tools_Attach Playbook to Alert","Type":0,"Integration":"Tools","Parameters":[{"ParentStepIdentifier":"a0c9a9c5-97fa-4770-85c3-65f1dad1f704","ParentWorkflowIdentifier":"bc0658da-01ee-478b-9acc-54f6d09af6e4","Name":"AssignedUsers","Value":null},{"ParentStepIdentifier":"a0c9a9c5-97fa-4770-85c3-65f1dad1f704","ParentWorkflowIdentifier":"bc0658da-01ee-478b-9acc-54f6d09af6e4","Name":"DynamicInjectionInstancePlaceholder","Value":""},{"ParentStepIdentifier":"a0c9a9c5-97fa-4770-85c3-65f1dad1f704","ParentWorkflowIdentifier":"bc0658da-01ee-478b-9acc-54f6d09af6e4","Name":"FallbackIntegrationInstance","Value":"234d0d2b-6fa9-45a8-9208-a45d1588a354"},{"ParentStepIdentifier":"a0c9a9c5-97fa-4770-85c3-65f1dad1f704","ParentWorkflowIdentifier":"bc0658da-01ee-478b-9acc-54f6d09af6e4","Name":"FetchInstanceByName","Value":"false"},{"ParentStepIdentifier":"a0c9a9c5-97fa-4770-85c3-65f1dad1f704","ParentWorkflowIdentifier":"bc0658da-01ee-478b-9acc-54f6d09af6e4","Name":"HasApprovalLink","Value":null},{"ParentStepIdentifier":"a0c9a9c5-97fa-4770-85c3-65f1dad1f704","ParentWorkflowIdentifier":"bc0658da-01ee-478b-9acc-54f6d09af6e4","Name":"IntegrationInstance","Value":"AutomaticEnvironment"},{"ParentStepIdentifier":"a0c9a9c5-97fa-4770-85c3-65f1dad1f704","ParentWorkflowIdentifier":"bc0658da-01ee-478b-9acc-54f6d09af6e4","Name":"MessageToAssignee","Value":null},{"ParentStepIdentifier":"a0c9a9c5-97fa-4770-85c3-65f1dad1f704","ParentWorkflowIdentifier":"bc0658da-01ee-478b-9acc-54f6d09af6e4","Name":"PendingActionTimeout","Value":null},{"ParentStepIdentifier":"a0c9a9c5-97fa-4770-85c3-65f1dad1f704","ParentWorkflowIdentifier":"bc0658da-01ee-478b-9acc-54f6d09af6e4","Name":"RetryConfiguration","Value":"{\"Enabled\":false,\"IntervalInSeconds\":30,\"NumberOfRetries\":1}"},{"ParentStepIdentifier":"a0c9a9c5-97fa-4770-85c3-65f1dad1f704","ParentWorkflowIdentifier":"bc0658da-01ee-478b-9acc-54f6d09af6e4","Name":"ScriptName","Value":"Tools_Attach Playbook to Alert"},{"ParentStepIdentifier":"a0c9a9c5-97fa-4770-85c3-65f1dad1f704","ParentWorkflowIdentifier":"bc0658da-01ee-478b-9acc-54f6d09af6e4","Name":"ScriptParametersEntityFields","Value":"{\"Playbook Name\":\"Noise Elimination - GreyNoise\",\"Allow Duplicates\":true}"},{"ParentStepIdentifier":"a0c9a9c5-97fa-4770-85c3-65f1dad1f704","ParentWorkflowIdentifier":"bc0658da-01ee-478b-9acc-54f6d09af6e4","Name":"SelectedScopeName","Value":"All entities"},{"ParentStepIdentifier":"a0c9a9c5-97fa-4770-85c3-65f1dad1f704","ParentWorkflowIdentifier":"bc0658da-01ee-478b-9acc-54f6d09af6e4","Name":"UseEntitiesLoopScope","Value":null}],"AutoSkipOnFailure":false,"IsDebugMockData":false,"StepDebugData":{"CreationTimeUnixTimeInMs":0,"ModificationTimeUnixTimeInMs":0,"OriginalWorkflowIdentifier":"6486623c-e00a-4a96-9d2d-be55daff92bd","OriginalStepIdentifier":"7f8e53d7-b0f2-474e-bea3-80d79412745a","ResultValue":"","ResultJson":"","ScopeEntitiesEnrichmentData":[],"ScopeEntitiesEnrichmentDataJson":"[]"},"ParentStepContainerId":null,"IsTouchedByAi":false,"StartLoopStepIdentifier":null,"ParallelActions":[]},{"Identifier":"b96fb878-74e0-4388-8940-b1b99c90d1f3","OriginalStepIdentifier":"ba9e5f0a-3d87-48fe-9347-59482eff00cb","ParentWorkflowIdentifier":"bc0658da-01ee-478b-9acc-54f6d09af6e4","ParentStepIdentifiers":[],"ParentStepIdentifier":"","PreviousResultCondition":"{}","InstanceName":"Identify Alert Type","IsAutomatic":true,"Name":"Condition","IsSkippable":false,"Description":"Evaluates the alert source and available event data to determine the appropriate case naming pattern. Routes to different branches based on: (1) GreyNoise Alert, (2) CVE Change event, (3) IP Classification Change event, or (4) Default branch.\n","ActionProvider":"Flow","ActionName":"IfFlowCondition","Type":4,"Integration":"Flow","Parameters":[{"ParentStepIdentifier":"b96fb878-74e0-4388-8940-b1b99c90d1f3","ParentWorkflowIdentifier":"bc0658da-01ee-478b-9acc-54f6d09af6e4","Name":"AssignedUsers","Value":null},{"ParentStepIdentifier":"b96fb878-74e0-4388-8940-b1b99c90d1f3","ParentWorkflowIdentifier":"bc0658da-01ee-478b-9acc-54f6d09af6e4","Name":"Branches","Value":"[{\"LogicalOperator\":0,\"Conditions\":[{\"Operator\":0,\"FieldName\":\"[Alert.Product]\",\"Type\":7,\"Value\":\"GreyNoise-Alert\",\"CustomOperatorName\":null}],\"Order\":1,\"IsDefaultBranch\":false,\"Name\":\"GreyNoise Alerts\"},{\"LogicalOperator\":0,\"Conditions\":[],\"Order\":4,\"IsDefaultBranch\":true,\"Name\":\"Branch\"},{\"LogicalOperator\":0,\"Conditions\":[{\"Operator\":8,\"FieldName\":\"[Event.cve]\\n\",\"Type\":7,\"Value\":\"\",\"CustomOperatorName\":null}],\"Order\":2,\"IsDefaultBranch\":false,\"Name\":\"GreyNoise Feed CVE Change\"},{\"LogicalOperator\":0,\"Conditions\":[{\"Operator\":8,\"FieldName\":\"[Event.ip]\",\"Type\":7,\"Value\":\"\",\"CustomOperatorName\":null}],\"Order\":3,\"IsDefaultBranch\":false,\"Name\":\"GreyNoise Feed IP Classification Change\"}]"},{"ParentStepIdentifier":"b96fb878-74e0-4388-8940-b1b99c90d1f3","ParentWorkflowIdentifier":"bc0658da-01ee-478b-9acc-54f6d09af6e4","Name":"ErrorFallbackBranch","Value":null},{"ParentStepIdentifier":"b96fb878-74e0-4388-8940-b1b99c90d1f3","ParentWorkflowIdentifier":"bc0658da-01ee-478b-9acc-54f6d09af6e4","Name":"HasApprovalLink","Value":null},{"ParentStepIdentifier":"b96fb878-74e0-4388-8940-b1b99c90d1f3","ParentWorkflowIdentifier":"bc0658da-01ee-478b-9acc-54f6d09af6e4","Name":"MessageToAssignee","Value":null},{"ParentStepIdentifier":"b96fb878-74e0-4388-8940-b1b99c90d1f3","ParentWorkflowIdentifier":"bc0658da-01ee-478b-9acc-54f6d09af6e4","Name":"PendingActionTimeout","Value":null},{"ParentStepIdentifier":"b96fb878-74e0-4388-8940-b1b99c90d1f3","ParentWorkflowIdentifier":"bc0658da-01ee-478b-9acc-54f6d09af6e4","Name":"SelectedScopeName","Value":"All entities"},{"ParentStepIdentifier":"b96fb878-74e0-4388-8940-b1b99c90d1f3","ParentWorkflowIdentifier":"bc0658da-01ee-478b-9acc-54f6d09af6e4","Name":"UseEntitiesLoopScope","Value":"true"}],"AutoSkipOnFailure":false,"IsDebugMockData":false,"StepDebugData":null,"ParentStepContainerId":null,"IsTouchedByAi":false,"StartLoopStepIdentifier":null,"ParallelActions":[]},{"Identifier":"d0fb1c69-d730-44d7-a766-d40db813591f","OriginalStepIdentifier":"f560d9f5-7583-4e1e-a3b1-217b7b9dec40","ParentWorkflowIdentifier":"bc0658da-01ee-478b-9acc-54f6d09af6e4","ParentStepIdentifiers":["b96fb878-74e0-4388-8940-b1b99c90d1f3"],"ParentStepIdentifier":"b96fb878-74e0-4388-8940-b1b99c90d1f3","PreviousResultCondition":"{\"b96fb878-74e0-4388-8940-b1b99c90d1f3\":\"1\"}","InstanceName":"Rename Case - IP Alert Format","IsAutomatic":true,"Name":"Tools_Change Case Name","IsSkippable":false,"Description":"Renames the case using IP-based alert format: \"[Product]: [EventName] IP [ip] [classification]\". Applied when processing standard GreyNoise alerts with IP classification data.","ActionProvider":"Scripts","ActionName":"Tools_Change Case Name","Type":0,"Integration":"Tools","Parameters":[{"ParentStepIdentifier":"d0fb1c69-d730-44d7-a766-d40db813591f","ParentWorkflowIdentifier":"bc0658da-01ee-478b-9acc-54f6d09af6e4","Name":"AssignedUsers","Value":null},{"ParentStepIdentifier":"d0fb1c69-d730-44d7-a766-d40db813591f","ParentWorkflowIdentifier":"bc0658da-01ee-478b-9acc-54f6d09af6e4","Name":"DynamicInjectionInstancePlaceholder","Value":""},{"ParentStepIdentifier":"d0fb1c69-d730-44d7-a766-d40db813591f","ParentWorkflowIdentifier":"bc0658da-01ee-478b-9acc-54f6d09af6e4","Name":"FallbackIntegrationInstance","Value":"234d0d2b-6fa9-45a8-9208-a45d1588a354"},{"ParentStepIdentifier":"d0fb1c69-d730-44d7-a766-d40db813591f","ParentWorkflowIdentifier":"bc0658da-01ee-478b-9acc-54f6d09af6e4","Name":"FetchInstanceByName","Value":"false"},{"ParentStepIdentifier":"d0fb1c69-d730-44d7-a766-d40db813591f","ParentWorkflowIdentifier":"bc0658da-01ee-478b-9acc-54f6d09af6e4","Name":"HasApprovalLink","Value":null},{"ParentStepIdentifier":"d0fb1c69-d730-44d7-a766-d40db813591f","ParentWorkflowIdentifier":"bc0658da-01ee-478b-9acc-54f6d09af6e4","Name":"IntegrationInstance","Value":"AutomaticEnvironment"},{"ParentStepIdentifier":"d0fb1c69-d730-44d7-a766-d40db813591f","ParentWorkflowIdentifier":"bc0658da-01ee-478b-9acc-54f6d09af6e4","Name":"MessageToAssignee","Value":null},{"ParentStepIdentifier":"d0fb1c69-d730-44d7-a766-d40db813591f","ParentWorkflowIdentifier":"bc0658da-01ee-478b-9acc-54f6d09af6e4","Name":"PendingActionTimeout","Value":null},{"ParentStepIdentifier":"d0fb1c69-d730-44d7-a766-d40db813591f","ParentWorkflowIdentifier":"bc0658da-01ee-478b-9acc-54f6d09af6e4","Name":"RetryConfiguration","Value":"{\"Enabled\":false,\"IntervalInSeconds\":30,\"NumberOfRetries\":1}"},{"ParentStepIdentifier":"d0fb1c69-d730-44d7-a766-d40db813591f","ParentWorkflowIdentifier":"bc0658da-01ee-478b-9acc-54f6d09af6e4","Name":"ScriptName","Value":"Tools_Change Case Name"},{"ParentStepIdentifier":"d0fb1c69-d730-44d7-a766-d40db813591f","ParentWorkflowIdentifier":"bc0658da-01ee-478b-9acc-54f6d09af6e4","Name":"ScriptParametersEntityFields","Value":"{\"New Name\":\"[Alert.Product]: [Alert.EventName] IP [Event.ip] [Event.classification]\",\"Only If First Alert\":true}"},{"ParentStepIdentifier":"d0fb1c69-d730-44d7-a766-d40db813591f","ParentWorkflowIdentifier":"bc0658da-01ee-478b-9acc-54f6d09af6e4","Name":"SelectedScopeName","Value":"All entities"},{"ParentStepIdentifier":"d0fb1c69-d730-44d7-a766-d40db813591f","ParentWorkflowIdentifier":"bc0658da-01ee-478b-9acc-54f6d09af6e4","Name":"UseEntitiesLoopScope","Value":null}],"AutoSkipOnFailure":false,"IsDebugMockData":false,"StepDebugData":{"CreationTimeUnixTimeInMs":0,"ModificationTimeUnixTimeInMs":0,"OriginalWorkflowIdentifier":"6486623c-e00a-4a96-9d2d-be55daff92bd","OriginalStepIdentifier":"f560d9f5-7583-4e1e-a3b1-217b7b9dec40","ResultValue":"","ResultJson":"","ScopeEntitiesEnrichmentData":[],"ScopeEntitiesEnrichmentDataJson":"[]"},"ParentStepContainerId":null,"IsTouchedByAi":false,"StartLoopStepIdentifier":null,"ParallelActions":[]},{"Identifier":"db1110c5-56e7-4400-98cb-9db959481462","OriginalStepIdentifier":"5e06fb33-edee-48ab-9a97-93b3211b433e","ParentWorkflowIdentifier":"bc0658da-01ee-478b-9acc-54f6d09af6e4","ParentStepIdentifiers":["b96fb878-74e0-4388-8940-b1b99c90d1f3"],"ParentStepIdentifier":"b96fb878-74e0-4388-8940-b1b99c90d1f3","PreviousResultCondition":"{\"b96fb878-74e0-4388-8940-b1b99c90d1f3\":\"3\"}","InstanceName":"Rename Case - IP State Change Format","IsAutomatic":true,"Name":"Tools_Change Case Name","IsSkippable":false,"Description":"Renames the case using IP state change format: \"[Product]: [EventName] IP [ip] [new_state] Detected\". Applied when GreyNoise detects a change in IP classification or behavioral state. Only executes if this is the first alert in the case.","ActionProvider":"Scripts","ActionName":"Tools_Change Case Name","Type":0,"Integration":"Tools","Parameters":[{"ParentStepIdentifier":"db1110c5-56e7-4400-98cb-9db959481462","ParentWorkflowIdentifier":"bc0658da-01ee-478b-9acc-54f6d09af6e4","Name":"AssignedUsers","Value":null},{"ParentStepIdentifier":"db1110c5-56e7-4400-98cb-9db959481462","ParentWorkflowIdentifier":"bc0658da-01ee-478b-9acc-54f6d09af6e4","Name":"DynamicInjectionInstancePlaceholder","Value":""},{"ParentStepIdentifier":"db1110c5-56e7-4400-98cb-9db959481462","ParentWorkflowIdentifier":"bc0658da-01ee-478b-9acc-54f6d09af6e4","Name":"FallbackIntegrationInstance","Value":"234d0d2b-6fa9-45a8-9208-a45d1588a354"},{"ParentStepIdentifier":"db1110c5-56e7-4400-98cb-9db959481462","ParentWorkflowIdentifier":"bc0658da-01ee-478b-9acc-54f6d09af6e4","Name":"FetchInstanceByName","Value":"false"},{"ParentStepIdentifier":"db1110c5-56e7-4400-98cb-9db959481462","ParentWorkflowIdentifier":"bc0658da-01ee-478b-9acc-54f6d09af6e4","Name":"HasApprovalLink","Value":null},{"ParentStepIdentifier":"db1110c5-56e7-4400-98cb-9db959481462","ParentWorkflowIdentifier":"bc0658da-01ee-478b-9acc-54f6d09af6e4","Name":"IntegrationInstance","Value":"AutomaticEnvironment"},{"ParentStepIdentifier":"db1110c5-56e7-4400-98cb-9db959481462","ParentWorkflowIdentifier":"bc0658da-01ee-478b-9acc-54f6d09af6e4","Name":"MessageToAssignee","Value":null},{"ParentStepIdentifier":"db1110c5-56e7-4400-98cb-9db959481462","ParentWorkflowIdentifier":"bc0658da-01ee-478b-9acc-54f6d09af6e4","Name":"PendingActionTimeout","Value":null},{"ParentStepIdentifier":"db1110c5-56e7-4400-98cb-9db959481462","ParentWorkflowIdentifier":"bc0658da-01ee-478b-9acc-54f6d09af6e4","Name":"RetryConfiguration","Value":"{\"Enabled\":false,\"IntervalInSeconds\":30,\"NumberOfRetries\":1}"},{"ParentStepIdentifier":"db1110c5-56e7-4400-98cb-9db959481462","ParentWorkflowIdentifier":"bc0658da-01ee-478b-9acc-54f6d09af6e4","Name":"ScriptName","Value":"Tools_Change Case Name"},{"ParentStepIdentifier":"db1110c5-56e7-4400-98cb-9db959481462","ParentWorkflowIdentifier":"bc0658da-01ee-478b-9acc-54f6d09af6e4","Name":"ScriptParametersEntityFields","Value":"{\"New Name\":\"[Alert.Product]: [Alert.EventName] IP [Event.ip] [Event.new_state] Detected\",\"Only If First Alert\":true}"},{"ParentStepIdentifier":"db1110c5-56e7-4400-98cb-9db959481462","ParentWorkflowIdentifier":"bc0658da-01ee-478b-9acc-54f6d09af6e4","Name":"SelectedScopeName","Value":"All entities"},{"ParentStepIdentifier":"db1110c5-56e7-4400-98cb-9db959481462","ParentWorkflowIdentifier":"bc0658da-01ee-478b-9acc-54f6d09af6e4","Name":"UseEntitiesLoopScope","Value":null}],"AutoSkipOnFailure":false,"IsDebugMockData":false,"StepDebugData":{"CreationTimeUnixTimeInMs":0,"ModificationTimeUnixTimeInMs":0,"OriginalWorkflowIdentifier":"6486623c-e00a-4a96-9d2d-be55daff92bd","OriginalStepIdentifier":"5e06fb33-edee-48ab-9a97-93b3211b433e","ResultValue":"","ResultJson":"","ScopeEntitiesEnrichmentData":[],"ScopeEntitiesEnrichmentDataJson":"[]"},"ParentStepContainerId":null,"IsTouchedByAi":false,"StartLoopStepIdentifier":null,"ParallelActions":[]}],"Triggers":[{"Identifier":"b86859b7-a080-4255-8cbd-3fdda65dfb7e","IsEnabled":true,"DefinitionIdentifier":"bc0658da-01ee-478b-9acc-54f6d09af6e4","Type":10,"WorkflowName":null,"LogicalOperator":1,"Conditions":[{"FieldName":"[Alert.Product]","MatchType":0,"Value":"GreyNoise-Alert","CustomOperatorName":null},{"FieldName":"[Alert.Product]","MatchType":0,"Value":"GreyNoise-Feed\r","CustomOperatorName":null}],"Environments":["*"]}],"OverviewTemplates":[],"Permissions":[],"Environments":["*"]}}