{"CategoryName":"GreyNoisePlaybooks","OverviewTemplatesDetails":[],"WidgetTemplates":[],"Definition":{"Identifier":"8741637d-b920-4fc6-8919-4b0184a415a4","IsEnable":true,"Version":0.0,"IsArchived":false,"IsAutomatic":true,"Name":"Network Containment Based on GreyNoise IP Feed - GreyNoise","Category":11,"Description":"Automated process of blocking or unblocking IP address via Zscaler based on real-time threat intelligence from the GreyNoise IP feed, which is ingested via a Webhook. It enhances network security by dynamically responding to changes in IP classification.","Priority":2,"Creator":"98354f51-7714-4bde-b13a-5222e21182bc","VersionCreator":null,"VersionComment":null,"OriginalWorkflowIdentifier":"de0a3435-0464-4190-bfa0-aef4d00f4e76","TemplateName":null,"PlaybookType":0,"IsDebugMode":false,"DebugBaseAlertIdentifier":null,"DebugAlertIdentifier":null,"SimulationClone":false,"DefaultAccessLevel":2,"CreationSource":1,"Steps":[{"Identifier":"53e635bc-64cb-4551-9446-c523b38f9ae1","OriginalStepIdentifier":"962c2553-4d00-4ee5-a51d-b60fbfc9756e","ParentWorkflowIdentifier":"8741637d-b920-4fc6-8919-4b0184a415a4","ParentStepIdentifiers":["9dbe17c6-0de9-44ed-8125-a1be88caa246"],"ParentStepIdentifier":"9dbe17c6-0de9-44ed-8125-a1be88caa246","PreviousResultCondition":"{\n  \"9dbe17c6-0de9-44ed-8125-a1be88caa246\": \"2\"\n}","InstanceName":"Add IP to Whitelist","IsAutomatic":true,"Name":"Zscaler_Add To Whitelist","IsSkippable":false,"Description":"Adds identified benign IP addresses to the Zscaler whitelist, ensuring they are not blocked by network security measures.","ActionProvider":"Scripts","ActionName":"Zscaler_Add To Whitelist","Type":0,"Integration":"Zscaler","Parameters":[{"ParentStepIdentifier":"53e635bc-64cb-4551-9446-c523b38f9ae1","ParentWorkflowIdentifier":"8741637d-b920-4fc6-8919-4b0184a415a4","Name":"AssignedUsers","Value":null},{"ParentStepIdentifier":"53e635bc-64cb-4551-9446-c523b38f9ae1","ParentWorkflowIdentifier":"8741637d-b920-4fc6-8919-4b0184a415a4","Name":"DynamicInjectionInstancePlaceholder","Value":""},{"ParentStepIdentifier":"53e635bc-64cb-4551-9446-c523b38f9ae1","ParentWorkflowIdentifier":"8741637d-b920-4fc6-8919-4b0184a415a4","Name":"FallbackIntegrationInstance","Value":null},{"ParentStepIdentifier":"53e635bc-64cb-4551-9446-c523b38f9ae1","ParentWorkflowIdentifier":"8741637d-b920-4fc6-8919-4b0184a415a4","Name":"FetchInstanceByName","Value":"false"},{"ParentStepIdentifier":"53e635bc-64cb-4551-9446-c523b38f9ae1","ParentWorkflowIdentifier":"8741637d-b920-4fc6-8919-4b0184a415a4","Name":"HasApprovalLink","Value":null},{"ParentStepIdentifier":"53e635bc-64cb-4551-9446-c523b38f9ae1","ParentWorkflowIdentifier":"8741637d-b920-4fc6-8919-4b0184a415a4","Name":"IntegrationInstance","Value":"AutomaticEnvironment"},{"ParentStepIdentifier":"53e635bc-64cb-4551-9446-c523b38f9ae1","ParentWorkflowIdentifier":"8741637d-b920-4fc6-8919-4b0184a415a4","Name":"MessageToAssignee","Value":null},{"ParentStepIdentifier":"53e635bc-64cb-4551-9446-c523b38f9ae1","ParentWorkflowIdentifier":"8741637d-b920-4fc6-8919-4b0184a415a4","Name":"PendingActionTimeout","Value":null},{"ParentStepIdentifier":"53e635bc-64cb-4551-9446-c523b38f9ae1","ParentWorkflowIdentifier":"8741637d-b920-4fc6-8919-4b0184a415a4","Name":"RetryConfiguration","Value":"{\"Enabled\":false,\"IntervalInSeconds\":30,\"NumberOfRetries\":1}"},{"ParentStepIdentifier":"53e635bc-64cb-4551-9446-c523b38f9ae1","ParentWorkflowIdentifier":"8741637d-b920-4fc6-8919-4b0184a415a4","Name":"ScriptName","Value":"Zscaler_Add To Whitelist"},{"ParentStepIdentifier":"53e635bc-64cb-4551-9446-c523b38f9ae1","ParentWorkflowIdentifier":"8741637d-b920-4fc6-8919-4b0184a415a4","Name":"ScriptParametersEntityFields","Value":"{}"},{"ParentStepIdentifier":"53e635bc-64cb-4551-9446-c523b38f9ae1","ParentWorkflowIdentifier":"8741637d-b920-4fc6-8919-4b0184a415a4","Name":"SelectedScopeName","Value":"All IP addresses"},{"ParentStepIdentifier":"53e635bc-64cb-4551-9446-c523b38f9ae1","ParentWorkflowIdentifier":"8741637d-b920-4fc6-8919-4b0184a415a4","Name":"UseEntitiesLoopScope","Value":null}],"AutoSkipOnFailure":false,"IsDebugMockData":false,"StepDebugData":{"CreationTimeUnixTimeInMs":0,"ModificationTimeUnixTimeInMs":0,"OriginalWorkflowIdentifier":"de0a3435-0464-4190-bfa0-aef4d00f4e76","OriginalStepIdentifier":"962c2553-4d00-4ee5-a51d-b60fbfc9756e","ResultValue":"","ResultJson":"","ScopeEntitiesEnrichmentData":[],"ScopeEntitiesEnrichmentDataJson":"[]"},"ParentStepContainerId":null,"IsTouchedByAi":false,"StartLoopStepIdentifier":null,"ParallelActions":[]},{"Identifier":"93c0302e-d856-4178-8462-06e8aaf01cb2","OriginalStepIdentifier":"471bf3a9-bdbc-4dac-826c-cd0fb9f5c499","ParentWorkflowIdentifier":"8741637d-b920-4fc6-8919-4b0184a415a4","ParentStepIdentifiers":[],"ParentStepIdentifier":"","PreviousResultCondition":null,"InstanceName":"Create IP Entity if not Present","IsAutomatic":true,"Name":"Siemplify_Create Entity","IsSkippable":false,"Description":"Creates a new IP entity from the GreyNoise Feed Alert if not present.","ActionProvider":"Scripts","ActionName":"Siemplify_Create Entity","Type":0,"Integration":"Siemplify","Parameters":[{"ParentStepIdentifier":"93c0302e-d856-4178-8462-06e8aaf01cb2","ParentWorkflowIdentifier":"8741637d-b920-4fc6-8919-4b0184a415a4","Name":"AssignedUsers","Value":null},{"ParentStepIdentifier":"93c0302e-d856-4178-8462-06e8aaf01cb2","ParentWorkflowIdentifier":"8741637d-b920-4fc6-8919-4b0184a415a4","Name":"DynamicInjectionInstancePlaceholder","Value":""},{"ParentStepIdentifier":"93c0302e-d856-4178-8462-06e8aaf01cb2","ParentWorkflowIdentifier":"8741637d-b920-4fc6-8919-4b0184a415a4","Name":"FallbackIntegrationInstance","Value":"8c3734bd-bcbf-4075-9282-0e9179973044"},{"ParentStepIdentifier":"93c0302e-d856-4178-8462-06e8aaf01cb2","ParentWorkflowIdentifier":"8741637d-b920-4fc6-8919-4b0184a415a4","Name":"FetchInstanceByName","Value":"false"},{"ParentStepIdentifier":"93c0302e-d856-4178-8462-06e8aaf01cb2","ParentWorkflowIdentifier":"8741637d-b920-4fc6-8919-4b0184a415a4","Name":"HasApprovalLink","Value":null},{"ParentStepIdentifier":"93c0302e-d856-4178-8462-06e8aaf01cb2","ParentWorkflowIdentifier":"8741637d-b920-4fc6-8919-4b0184a415a4","Name":"IntegrationInstance","Value":"AutomaticEnvironment"},{"ParentStepIdentifier":"93c0302e-d856-4178-8462-06e8aaf01cb2","ParentWorkflowIdentifier":"8741637d-b920-4fc6-8919-4b0184a415a4","Name":"MessageToAssignee","Value":null},{"ParentStepIdentifier":"93c0302e-d856-4178-8462-06e8aaf01cb2","ParentWorkflowIdentifier":"8741637d-b920-4fc6-8919-4b0184a415a4","Name":"PendingActionTimeout","Value":null},{"ParentStepIdentifier":"93c0302e-d856-4178-8462-06e8aaf01cb2","ParentWorkflowIdentifier":"8741637d-b920-4fc6-8919-4b0184a415a4","Name":"RetryConfiguration","Value":"{\"Enabled\":false,\"IntervalInSeconds\":30,\"NumberOfRetries\":1}"},{"ParentStepIdentifier":"93c0302e-d856-4178-8462-06e8aaf01cb2","ParentWorkflowIdentifier":"8741637d-b920-4fc6-8919-4b0184a415a4","Name":"ScriptName","Value":"Siemplify_Create Entity"},{"ParentStepIdentifier":"93c0302e-d856-4178-8462-06e8aaf01cb2","ParentWorkflowIdentifier":"8741637d-b920-4fc6-8919-4b0184a415a4","Name":"ScriptParametersEntityFields","Value":"{\"Entities Identifies\":\"[Event.ip]\",\"Delimiter\":\",\",\"Entity Type\":\"ADDRESS\",\"Is Internal\":false,\"Is Suspicious\":false}"},{"ParentStepIdentifier":"93c0302e-d856-4178-8462-06e8aaf01cb2","ParentWorkflowIdentifier":"8741637d-b920-4fc6-8919-4b0184a415a4","Name":"SelectedScopeName","Value":"All entities"},{"ParentStepIdentifier":"93c0302e-d856-4178-8462-06e8aaf01cb2","ParentWorkflowIdentifier":"8741637d-b920-4fc6-8919-4b0184a415a4","Name":"UseEntitiesLoopScope","Value":null}],"AutoSkipOnFailure":false,"IsDebugMockData":false,"StepDebugData":{"CreationTimeUnixTimeInMs":0,"ModificationTimeUnixTimeInMs":0,"OriginalWorkflowIdentifier":"de0a3435-0464-4190-bfa0-aef4d00f4e76","OriginalStepIdentifier":"471bf3a9-bdbc-4dac-826c-cd0fb9f5c499","ResultValue":"","ResultJson":"","ScopeEntitiesEnrichmentData":[],"ScopeEntitiesEnrichmentDataJson":"[]"},"ParentStepContainerId":null,"IsTouchedByAi":false,"StartLoopStepIdentifier":null,"ParallelActions":[]},{"Identifier":"9dbe17c6-0de9-44ed-8125-a1be88caa246","OriginalStepIdentifier":"bfbb3428-c583-4085-91c8-b3a1b9537b84","ParentWorkflowIdentifier":"8741637d-b920-4fc6-8919-4b0184a415a4","ParentStepIdentifiers":["93c0302e-d856-4178-8462-06e8aaf01cb2"],"ParentStepIdentifier":"93c0302e-d856-4178-8462-06e8aaf01cb2","PreviousResultCondition":"{}","InstanceName":"Evaluate IP Classification","IsAutomatic":true,"Name":"Condition","IsSkippable":false,"Description":"This condition evaluates the classification of GreyNoise Feed IP (malicious, benign, etc.) to determine the appropriate action path within the playbook.","ActionProvider":"Flow","ActionName":"IfFlowCondition","Type":4,"Integration":"Flow","Parameters":[{"ParentStepIdentifier":"9dbe17c6-0de9-44ed-8125-a1be88caa246","ParentWorkflowIdentifier":"8741637d-b920-4fc6-8919-4b0184a415a4","Name":"AssignedUsers","Value":null},{"ParentStepIdentifier":"9dbe17c6-0de9-44ed-8125-a1be88caa246","ParentWorkflowIdentifier":"8741637d-b920-4fc6-8919-4b0184a415a4","Name":"Branches","Value":"[{\"LogicalOperator\":1,\"Conditions\":[{\"Operator\":0,\"FieldName\":\"[Event.new_state.classification]\",\"Type\":7,\"Value\":\"malicious\",\"CustomOperatorName\":null},{\"Operator\":0,\"FieldName\":\"[Event.new_state.classification]\",\"Type\":7,\"Value\":\"suspicious\",\"CustomOperatorName\":null},{\"Operator\":0,\"FieldName\":\"[Event.new_state]\",\"Type\":7,\"Value\":\"malicious\",\"CustomOperatorName\":null},{\"Operator\":0,\"FieldName\":\"[Event.new_state]\",\"Type\":7,\"Value\":\"suspicious\",\"CustomOperatorName\":null}],\"Order\":1,\"IsDefaultBranch\":false,\"Name\":\"Malicious or Suspicious\"},{\"LogicalOperator\":0,\"Conditions\":[],\"Order\":3,\"IsDefaultBranch\":true,\"Name\":\"Branch\"},{\"LogicalOperator\":1,\"Conditions\":[{\"Operator\":0,\"FieldName\":\"[Event.new_state.classification]\",\"Type\":7,\"Value\":\"benign\",\"CustomOperatorName\":null},{\"Operator\":0,\"FieldName\":\"[Event.new_state]\",\"Type\":7,\"Value\":\"benign\",\"CustomOperatorName\":null}],\"Order\":2,\"IsDefaultBranch\":false,\"Name\":\"Benign\"}]"},{"ParentStepIdentifier":"9dbe17c6-0de9-44ed-8125-a1be88caa246","ParentWorkflowIdentifier":"8741637d-b920-4fc6-8919-4b0184a415a4","Name":"ErrorFallbackBranch","Value":null},{"ParentStepIdentifier":"9dbe17c6-0de9-44ed-8125-a1be88caa246","ParentWorkflowIdentifier":"8741637d-b920-4fc6-8919-4b0184a415a4","Name":"HasApprovalLink","Value":null},{"ParentStepIdentifier":"9dbe17c6-0de9-44ed-8125-a1be88caa246","ParentWorkflowIdentifier":"8741637d-b920-4fc6-8919-4b0184a415a4","Name":"MessageToAssignee","Value":null},{"ParentStepIdentifier":"9dbe17c6-0de9-44ed-8125-a1be88caa246","ParentWorkflowIdentifier":"8741637d-b920-4fc6-8919-4b0184a415a4","Name":"PendingActionTimeout","Value":null},{"ParentStepIdentifier":"9dbe17c6-0de9-44ed-8125-a1be88caa246","ParentWorkflowIdentifier":"8741637d-b920-4fc6-8919-4b0184a415a4","Name":"SelectedScopeName","Value":"All entities"},{"ParentStepIdentifier":"9dbe17c6-0de9-44ed-8125-a1be88caa246","ParentWorkflowIdentifier":"8741637d-b920-4fc6-8919-4b0184a415a4","Name":"UseEntitiesLoopScope","Value":"true"}],"AutoSkipOnFailure":false,"IsDebugMockData":false,"StepDebugData":null,"ParentStepContainerId":null,"IsTouchedByAi":false,"StartLoopStepIdentifier":null,"ParallelActions":[]},{"Identifier":"a934518e-818b-4a19-bb38-8803f8468522","OriginalStepIdentifier":"f21a60f3-9ab3-4444-8116-d4eefa484e29","ParentWorkflowIdentifier":"8741637d-b920-4fc6-8919-4b0184a415a4","ParentStepIdentifiers":["9dbe17c6-0de9-44ed-8125-a1be88caa246"],"ParentStepIdentifier":"9dbe17c6-0de9-44ed-8125-a1be88caa246","PreviousResultCondition":"{\n  \"9dbe17c6-0de9-44ed-8125-a1be88caa246\": \"1\"\n}","InstanceName":"Add IP to Blacklist","IsAutomatic":true,"Name":"Zscaler_Add To Blacklist","IsSkippable":false,"Description":"This step automatically adds identified malicious IP addresses to the Zscaler blacklist, preventing any network traffic from these sources.","ActionProvider":"Scripts","ActionName":"Zscaler_Add To Blacklist","Type":0,"Integration":"Zscaler","Parameters":[{"ParentStepIdentifier":"a934518e-818b-4a19-bb38-8803f8468522","ParentWorkflowIdentifier":"8741637d-b920-4fc6-8919-4b0184a415a4","Name":"AssignedUsers","Value":null},{"ParentStepIdentifier":"a934518e-818b-4a19-bb38-8803f8468522","ParentWorkflowIdentifier":"8741637d-b920-4fc6-8919-4b0184a415a4","Name":"DynamicInjectionInstancePlaceholder","Value":""},{"ParentStepIdentifier":"a934518e-818b-4a19-bb38-8803f8468522","ParentWorkflowIdentifier":"8741637d-b920-4fc6-8919-4b0184a415a4","Name":"FallbackIntegrationInstance","Value":null},{"ParentStepIdentifier":"a934518e-818b-4a19-bb38-8803f8468522","ParentWorkflowIdentifier":"8741637d-b920-4fc6-8919-4b0184a415a4","Name":"FetchInstanceByName","Value":"false"},{"ParentStepIdentifier":"a934518e-818b-4a19-bb38-8803f8468522","ParentWorkflowIdentifier":"8741637d-b920-4fc6-8919-4b0184a415a4","Name":"HasApprovalLink","Value":null},{"ParentStepIdentifier":"a934518e-818b-4a19-bb38-8803f8468522","ParentWorkflowIdentifier":"8741637d-b920-4fc6-8919-4b0184a415a4","Name":"IntegrationInstance","Value":"AutomaticEnvironment"},{"ParentStepIdentifier":"a934518e-818b-4a19-bb38-8803f8468522","ParentWorkflowIdentifier":"8741637d-b920-4fc6-8919-4b0184a415a4","Name":"MessageToAssignee","Value":null},{"ParentStepIdentifier":"a934518e-818b-4a19-bb38-8803f8468522","ParentWorkflowIdentifier":"8741637d-b920-4fc6-8919-4b0184a415a4","Name":"PendingActionTimeout","Value":null},{"ParentStepIdentifier":"a934518e-818b-4a19-bb38-8803f8468522","ParentWorkflowIdentifier":"8741637d-b920-4fc6-8919-4b0184a415a4","Name":"RetryConfiguration","Value":"{\"Enabled\":false,\"IntervalInSeconds\":30,\"NumberOfRetries\":1}"},{"ParentStepIdentifier":"a934518e-818b-4a19-bb38-8803f8468522","ParentWorkflowIdentifier":"8741637d-b920-4fc6-8919-4b0184a415a4","Name":"ScriptName","Value":"Zscaler_Add To Blacklist"},{"ParentStepIdentifier":"a934518e-818b-4a19-bb38-8803f8468522","ParentWorkflowIdentifier":"8741637d-b920-4fc6-8919-4b0184a415a4","Name":"ScriptParametersEntityFields","Value":"{}"},{"ParentStepIdentifier":"a934518e-818b-4a19-bb38-8803f8468522","ParentWorkflowIdentifier":"8741637d-b920-4fc6-8919-4b0184a415a4","Name":"SelectedScopeName","Value":"All IP addresses"},{"ParentStepIdentifier":"a934518e-818b-4a19-bb38-8803f8468522","ParentWorkflowIdentifier":"8741637d-b920-4fc6-8919-4b0184a415a4","Name":"UseEntitiesLoopScope","Value":null}],"AutoSkipOnFailure":false,"IsDebugMockData":false,"StepDebugData":{"CreationTimeUnixTimeInMs":0,"ModificationTimeUnixTimeInMs":0,"OriginalWorkflowIdentifier":"de0a3435-0464-4190-bfa0-aef4d00f4e76","OriginalStepIdentifier":"f21a60f3-9ab3-4444-8116-d4eefa484e29","ResultValue":"","ResultJson":"","ScopeEntitiesEnrichmentData":[],"ScopeEntitiesEnrichmentDataJson":"[]"},"ParentStepContainerId":null,"IsTouchedByAi":false,"StartLoopStepIdentifier":null,"ParallelActions":[]}],"Triggers":[{"Identifier":"58cb59e5-2a79-421b-b00d-a578fc343093","IsEnabled":true,"DefinitionIdentifier":"8741637d-b920-4fc6-8919-4b0184a415a4","Type":10,"WorkflowName":null,"LogicalOperator":1,"Conditions":[{"FieldName":"[Event.event_type]","MatchType":0,"Value":"IP Classification Change\r","CustomOperatorName":null},{"FieldName":"[Event.event_type]","MatchType":0,"Value":"ip-classification-change","CustomOperatorName":null}],"Environments":["*"]}],"OverviewTemplates":[],"Permissions":[],"Environments":["*"]}}