{"CategoryName":"GreyNoisePlaybooks","OverviewTemplatesDetails":[],"WidgetTemplates":[],"Definition":{"Identifier":"68fb8341-b391-41e2-b1f4-edfce75a95e8","IsEnable":true,"Version":0.0,"IsArchived":false,"IsAutomatic":true,"Name":"Noise Elimination - GreyNoise","Category":11,"Description":"Automatically enriches IP entities with GreyNoise threat intelligence and adjusts alert priority based on IP classification (malicious=high, suspicious=medium, benign=low).","Priority":3,"Creator":"98354f51-7714-4bde-b13a-5222e21182bc","VersionCreator":null,"VersionComment":null,"OriginalWorkflowIdentifier":"3dbf69fe-b2c5-436f-ab71-02a68e2706da","TemplateName":null,"PlaybookType":0,"IsDebugMode":false,"DebugBaseAlertIdentifier":"IP-CLASSIFICATION-CHANGE_27ACAC03-E7EA-4B7B-A385-A4AFC9CA23AC","DebugAlertIdentifier":"IP-CLASSIFICATION-CHANGEABFE7120-0BCD-4D64-B13A-B1BB430226CA","SimulationClone":false,"DefaultAccessLevel":2,"CreationSource":1,"Steps":[{"Identifier":"1c90ae47-79eb-4445-8e48-78016eb8fea4","OriginalStepIdentifier":"78e4d621-6295-434e-877a-a1d98135de0b","ParentWorkflowIdentifier":"68fb8341-b391-41e2-b1f4-edfce75a95e8","ParentStepIdentifiers":[],"ParentStepIdentifier":"","PreviousResultCondition":null,"InstanceName":"Enrich IPs with GreyNoise Intelligence","IsAutomatic":true,"Name":"GreyNoise_Quick IP Lookup","IsSkippable":false,"Description":"Queries GreyNoise API to enrich IP entities with classification, trust level, and threat intelligence data.","ActionProvider":"Scripts","ActionName":"GreyNoise_Quick IP Lookup","Type":0,"Integration":"GreyNoise","Parameters":[{"ParentStepIdentifier":"1c90ae47-79eb-4445-8e48-78016eb8fea4","ParentWorkflowIdentifier":"68fb8341-b391-41e2-b1f4-edfce75a95e8","Name":"AssignedUsers","Value":null},{"ParentStepIdentifier":"1c90ae47-79eb-4445-8e48-78016eb8fea4","ParentWorkflowIdentifier":"68fb8341-b391-41e2-b1f4-edfce75a95e8","Name":"DynamicInjectionInstancePlaceholder","Value":""},{"ParentStepIdentifier":"1c90ae47-79eb-4445-8e48-78016eb8fea4","ParentWorkflowIdentifier":"68fb8341-b391-41e2-b1f4-edfce75a95e8","Name":"FallbackIntegrationInstance","Value":"96fd557b-06d6-4c3d-a55a-4a831f0e355c"},{"ParentStepIdentifier":"1c90ae47-79eb-4445-8e48-78016eb8fea4","ParentWorkflowIdentifier":"68fb8341-b391-41e2-b1f4-edfce75a95e8","Name":"FetchInstanceByName","Value":"false"},{"ParentStepIdentifier":"1c90ae47-79eb-4445-8e48-78016eb8fea4","ParentWorkflowIdentifier":"68fb8341-b391-41e2-b1f4-edfce75a95e8","Name":"HasApprovalLink","Value":null},{"ParentStepIdentifier":"1c90ae47-79eb-4445-8e48-78016eb8fea4","ParentWorkflowIdentifier":"68fb8341-b391-41e2-b1f4-edfce75a95e8","Name":"IntegrationInstance","Value":"AutomaticEnvironment"},{"ParentStepIdentifier":"1c90ae47-79eb-4445-8e48-78016eb8fea4","ParentWorkflowIdentifier":"68fb8341-b391-41e2-b1f4-edfce75a95e8","Name":"MessageToAssignee","Value":null},{"ParentStepIdentifier":"1c90ae47-79eb-4445-8e48-78016eb8fea4","ParentWorkflowIdentifier":"68fb8341-b391-41e2-b1f4-edfce75a95e8","Name":"PendingActionTimeout","Value":null},{"ParentStepIdentifier":"1c90ae47-79eb-4445-8e48-78016eb8fea4","ParentWorkflowIdentifier":"68fb8341-b391-41e2-b1f4-edfce75a95e8","Name":"RetryConfiguration","Value":"{\"Enabled\":false,\"IntervalInSeconds\":30,\"NumberOfRetries\":1}"},{"ParentStepIdentifier":"1c90ae47-79eb-4445-8e48-78016eb8fea4","ParentWorkflowIdentifier":"68fb8341-b391-41e2-b1f4-edfce75a95e8","Name":"ScriptName","Value":"GreyNoise_Quick IP Lookup"},{"ParentStepIdentifier":"1c90ae47-79eb-4445-8e48-78016eb8fea4","ParentWorkflowIdentifier":"68fb8341-b391-41e2-b1f4-edfce75a95e8","Name":"ScriptParametersEntityFields","Value":"{}"},{"ParentStepIdentifier":"1c90ae47-79eb-4445-8e48-78016eb8fea4","ParentWorkflowIdentifier":"68fb8341-b391-41e2-b1f4-edfce75a95e8","Name":"SelectedScopeName","Value":"All entities"},{"ParentStepIdentifier":"1c90ae47-79eb-4445-8e48-78016eb8fea4","ParentWorkflowIdentifier":"68fb8341-b391-41e2-b1f4-edfce75a95e8","Name":"UseEntitiesLoopScope","Value":null}],"AutoSkipOnFailure":true,"IsDebugMockData":false,"StepDebugData":{"CreationTimeUnixTimeInMs":0,"ModificationTimeUnixTimeInMs":0,"OriginalWorkflowIdentifier":"3dbf69fe-b2c5-436f-ab71-02a68e2706da","OriginalStepIdentifier":"78e4d621-6295-434e-877a-a1d98135de0b","ResultValue":"true","ResultJson":"{\n  \"ip\": \"8.8.8.8\",\n  \"business_service_intelligence\": {\n    \"found\": true,\n    \"trust_level\": \"1\"\n  },\n  \"internet_scanner_intelligence\": {\n    \"found\": false,\n    \"classification\": \"\"\n  },\n  \"request_metadata\": {\n    \"restricted_fields\": []\n  }\n}","ScopeEntitiesEnrichmentData":[],"ScopeEntitiesEnrichmentDataJson":"[]"},"ParentStepContainerId":null,"IsTouchedByAi":false,"StartLoopStepIdentifier":null,"ParallelActions":[]},{"Identifier":"3717728d-cd0b-4441-abfa-fe56a5a9e1a4","OriginalStepIdentifier":"5cf97c1a-f783-4e3a-88df-3b540a0482df","ParentWorkflowIdentifier":"68fb8341-b391-41e2-b1f4-edfce75a95e8","ParentStepIdentifiers":["d54ab9e3-76d7-41e6-a5b1-16fb2af88eaf"],"ParentStepIdentifier":"d54ab9e3-76d7-41e6-a5b1-16fb2af88eaf","PreviousResultCondition":"{\n  \"d54ab9e3-76d7-41e6-a5b1-16fb2af88eaf\": \"2\"\n}","InstanceName":"Adjust Alert Priority to Medium","IsAutomatic":true,"Name":"Siemplify_Change Alert Priority","IsSkippable":false,"Description":"Automatically changes the alert priority to Medium.","ActionProvider":"Scripts","ActionName":"Siemplify_Change Alert Priority","Type":0,"Integration":"Siemplify","Parameters":[{"ParentStepIdentifier":"3717728d-cd0b-4441-abfa-fe56a5a9e1a4","ParentWorkflowIdentifier":"68fb8341-b391-41e2-b1f4-edfce75a95e8","Name":"AssignedUsers","Value":null},{"ParentStepIdentifier":"3717728d-cd0b-4441-abfa-fe56a5a9e1a4","ParentWorkflowIdentifier":"68fb8341-b391-41e2-b1f4-edfce75a95e8","Name":"DynamicInjectionInstancePlaceholder","Value":""},{"ParentStepIdentifier":"3717728d-cd0b-4441-abfa-fe56a5a9e1a4","ParentWorkflowIdentifier":"68fb8341-b391-41e2-b1f4-edfce75a95e8","Name":"FallbackIntegrationInstance","Value":"8c3734bd-bcbf-4075-9282-0e9179973044"},{"ParentStepIdentifier":"3717728d-cd0b-4441-abfa-fe56a5a9e1a4","ParentWorkflowIdentifier":"68fb8341-b391-41e2-b1f4-edfce75a95e8","Name":"FetchInstanceByName","Value":"false"},{"ParentStepIdentifier":"3717728d-cd0b-4441-abfa-fe56a5a9e1a4","ParentWorkflowIdentifier":"68fb8341-b391-41e2-b1f4-edfce75a95e8","Name":"HasApprovalLink","Value":null},{"ParentStepIdentifier":"3717728d-cd0b-4441-abfa-fe56a5a9e1a4","ParentWorkflowIdentifier":"68fb8341-b391-41e2-b1f4-edfce75a95e8","Name":"IntegrationInstance","Value":"AutomaticEnvironment"},{"ParentStepIdentifier":"3717728d-cd0b-4441-abfa-fe56a5a9e1a4","ParentWorkflowIdentifier":"68fb8341-b391-41e2-b1f4-edfce75a95e8","Name":"MessageToAssignee","Value":null},{"ParentStepIdentifier":"3717728d-cd0b-4441-abfa-fe56a5a9e1a4","ParentWorkflowIdentifier":"68fb8341-b391-41e2-b1f4-edfce75a95e8","Name":"PendingActionTimeout","Value":null},{"ParentStepIdentifier":"3717728d-cd0b-4441-abfa-fe56a5a9e1a4","ParentWorkflowIdentifier":"68fb8341-b391-41e2-b1f4-edfce75a95e8","Name":"RetryConfiguration","Value":"{\"Enabled\":false,\"IntervalInSeconds\":30,\"NumberOfRetries\":1}"},{"ParentStepIdentifier":"3717728d-cd0b-4441-abfa-fe56a5a9e1a4","ParentWorkflowIdentifier":"68fb8341-b391-41e2-b1f4-edfce75a95e8","Name":"ScriptName","Value":"Siemplify_Change Alert Priority"},{"ParentStepIdentifier":"3717728d-cd0b-4441-abfa-fe56a5a9e1a4","ParentWorkflowIdentifier":"68fb8341-b391-41e2-b1f4-edfce75a95e8","Name":"ScriptParametersEntityFields","Value":"{\"Alert Priority\":\"Medium\"}"},{"ParentStepIdentifier":"3717728d-cd0b-4441-abfa-fe56a5a9e1a4","ParentWorkflowIdentifier":"68fb8341-b391-41e2-b1f4-edfce75a95e8","Name":"SelectedScopeName","Value":"All entities"},{"ParentStepIdentifier":"3717728d-cd0b-4441-abfa-fe56a5a9e1a4","ParentWorkflowIdentifier":"68fb8341-b391-41e2-b1f4-edfce75a95e8","Name":"UseEntitiesLoopScope","Value":null}],"AutoSkipOnFailure":false,"IsDebugMockData":false,"StepDebugData":null,"ParentStepContainerId":null,"IsTouchedByAi":false,"StartLoopStepIdentifier":null,"ParallelActions":[]},{"Identifier":"d54ab9e3-76d7-41e6-a5b1-16fb2af88eaf","OriginalStepIdentifier":"95c79b87-6d12-454b-9132-f30deb9b852f","ParentWorkflowIdentifier":"68fb8341-b391-41e2-b1f4-edfce75a95e8","ParentStepIdentifiers":["1c90ae47-79eb-4445-8e48-78016eb8fea4"],"ParentStepIdentifier":"1c90ae47-79eb-4445-8e48-78016eb8fea4","PreviousResultCondition":"{}","InstanceName":"Determine Alert Priority from IP Intelligence","IsAutomatic":true,"Name":"Condition","IsSkippable":false,"Description":"Analyzes GreyNoise IP classification data to automatically assign appropriate alert priority levels.","ActionProvider":"Flow","ActionName":"IfFlowCondition","Type":4,"Integration":"Flow","Parameters":[{"ParentStepIdentifier":"d54ab9e3-76d7-41e6-a5b1-16fb2af88eaf","ParentWorkflowIdentifier":"68fb8341-b391-41e2-b1f4-edfce75a95e8","Name":"AssignedUsers","Value":null},{"ParentStepIdentifier":"d54ab9e3-76d7-41e6-a5b1-16fb2af88eaf","ParentWorkflowIdentifier":"68fb8341-b391-41e2-b1f4-edfce75a95e8","Name":"Branches","Value":"[{\"LogicalOperator\":1,\"Conditions\":[{\"Operator\":1,\"FieldName\":\"[Entity.GN_classification]\",\"Type\":7,\"Value\":\"malicious\",\"CustomOperatorName\":null},{\"Operator\":0,\"FieldName\":\"[Event.new_state.classification]\",\"Type\":7,\"Value\":\"malicious\",\"CustomOperatorName\":null},{\"Operator\":0,\"FieldName\":\"[Event.new_state]\",\"Type\":7,\"Value\":\"malicious\",\"CustomOperatorName\":null}],\"Order\":1,\"IsDefaultBranch\":false,\"Name\":\"Malicious\"},{\"LogicalOperator\":0,\"Conditions\":[],\"Order\":4,\"IsDefaultBranch\":true,\"Name\":\"Branch\"},{\"LogicalOperator\":1,\"Conditions\":[{\"Operator\":1,\"FieldName\":\"[Entity.GN_classification]\",\"Type\":7,\"Value\":\"suspicious\",\"CustomOperatorName\":null},{\"Operator\":0,\"FieldName\":\"[Event.new_state.classification]\",\"Type\":7,\"Value\":\"suspicious\",\"CustomOperatorName\":null},{\"Operator\":0,\"FieldName\":\"[Event.new_state]\",\"Type\":7,\"Value\":\"suspicious\",\"CustomOperatorName\":null}],\"Order\":2,\"IsDefaultBranch\":false,\"Name\":\"Suspicious\"},{\"LogicalOperator\":1,\"Conditions\":[{\"Operator\":1,\"FieldName\":\"[Entity.GN_classification]\",\"Type\":7,\"Value\":\"benign\",\"CustomOperatorName\":null},{\"Operator\":0,\"FieldName\":\"[Event.new_state.classification]\",\"Type\":7,\"Value\":\"benign\",\"CustomOperatorName\":null},{\"Operator\":0,\"FieldName\":\"[Event.new_state]\",\"Type\":7,\"Value\":\"benign\",\"CustomOperatorName\":null}],\"Order\":3,\"IsDefaultBranch\":false,\"Name\":\"Benign\"}]"},{"ParentStepIdentifier":"d54ab9e3-76d7-41e6-a5b1-16fb2af88eaf","ParentWorkflowIdentifier":"68fb8341-b391-41e2-b1f4-edfce75a95e8","Name":"ErrorFallbackBranch","Value":null},{"ParentStepIdentifier":"d54ab9e3-76d7-41e6-a5b1-16fb2af88eaf","ParentWorkflowIdentifier":"68fb8341-b391-41e2-b1f4-edfce75a95e8","Name":"HasApprovalLink","Value":null},{"ParentStepIdentifier":"d54ab9e3-76d7-41e6-a5b1-16fb2af88eaf","ParentWorkflowIdentifier":"68fb8341-b391-41e2-b1f4-edfce75a95e8","Name":"MessageToAssignee","Value":null},{"ParentStepIdentifier":"d54ab9e3-76d7-41e6-a5b1-16fb2af88eaf","ParentWorkflowIdentifier":"68fb8341-b391-41e2-b1f4-edfce75a95e8","Name":"PendingActionTimeout","Value":null},{"ParentStepIdentifier":"d54ab9e3-76d7-41e6-a5b1-16fb2af88eaf","ParentWorkflowIdentifier":"68fb8341-b391-41e2-b1f4-edfce75a95e8","Name":"SelectedScopeName","Value":"All enriched entities"},{"ParentStepIdentifier":"d54ab9e3-76d7-41e6-a5b1-16fb2af88eaf","ParentWorkflowIdentifier":"68fb8341-b391-41e2-b1f4-edfce75a95e8","Name":"UseEntitiesLoopScope","Value":"true"}],"AutoSkipOnFailure":false,"IsDebugMockData":false,"StepDebugData":null,"ParentStepContainerId":null,"IsTouchedByAi":false,"StartLoopStepIdentifier":null,"ParallelActions":[]},{"Identifier":"da236a5c-0c43-49a5-8ab8-f00923675206","OriginalStepIdentifier":"c11dbc7c-dbe2-4f48-8e92-31ed8d606198","ParentWorkflowIdentifier":"68fb8341-b391-41e2-b1f4-edfce75a95e8","ParentStepIdentifiers":["d54ab9e3-76d7-41e6-a5b1-16fb2af88eaf"],"ParentStepIdentifier":"d54ab9e3-76d7-41e6-a5b1-16fb2af88eaf","PreviousResultCondition":"{\n  \"d54ab9e3-76d7-41e6-a5b1-16fb2af88eaf\": \"1\"\n}","InstanceName":"Adjust Alert Priority to High","IsAutomatic":true,"Name":"Siemplify_Change Alert Priority","IsSkippable":false,"Description":"Automatically changes the alert priority to High.","ActionProvider":"Scripts","ActionName":"Siemplify_Change Alert Priority","Type":0,"Integration":"Siemplify","Parameters":[{"ParentStepIdentifier":"da236a5c-0c43-49a5-8ab8-f00923675206","ParentWorkflowIdentifier":"68fb8341-b391-41e2-b1f4-edfce75a95e8","Name":"AssignedUsers","Value":null},{"ParentStepIdentifier":"da236a5c-0c43-49a5-8ab8-f00923675206","ParentWorkflowIdentifier":"68fb8341-b391-41e2-b1f4-edfce75a95e8","Name":"DynamicInjectionInstancePlaceholder","Value":""},{"ParentStepIdentifier":"da236a5c-0c43-49a5-8ab8-f00923675206","ParentWorkflowIdentifier":"68fb8341-b391-41e2-b1f4-edfce75a95e8","Name":"FallbackIntegrationInstance","Value":"8c3734bd-bcbf-4075-9282-0e9179973044"},{"ParentStepIdentifier":"da236a5c-0c43-49a5-8ab8-f00923675206","ParentWorkflowIdentifier":"68fb8341-b391-41e2-b1f4-edfce75a95e8","Name":"FetchInstanceByName","Value":"false"},{"ParentStepIdentifier":"da236a5c-0c43-49a5-8ab8-f00923675206","ParentWorkflowIdentifier":"68fb8341-b391-41e2-b1f4-edfce75a95e8","Name":"HasApprovalLink","Value":null},{"ParentStepIdentifier":"da236a5c-0c43-49a5-8ab8-f00923675206","ParentWorkflowIdentifier":"68fb8341-b391-41e2-b1f4-edfce75a95e8","Name":"IntegrationInstance","Value":"AutomaticEnvironment"},{"ParentStepIdentifier":"da236a5c-0c43-49a5-8ab8-f00923675206","ParentWorkflowIdentifier":"68fb8341-b391-41e2-b1f4-edfce75a95e8","Name":"MessageToAssignee","Value":null},{"ParentStepIdentifier":"da236a5c-0c43-49a5-8ab8-f00923675206","ParentWorkflowIdentifier":"68fb8341-b391-41e2-b1f4-edfce75a95e8","Name":"PendingActionTimeout","Value":null},{"ParentStepIdentifier":"da236a5c-0c43-49a5-8ab8-f00923675206","ParentWorkflowIdentifier":"68fb8341-b391-41e2-b1f4-edfce75a95e8","Name":"RetryConfiguration","Value":"{\"Enabled\":false,\"IntervalInSeconds\":30,\"NumberOfRetries\":1}"},{"ParentStepIdentifier":"da236a5c-0c43-49a5-8ab8-f00923675206","ParentWorkflowIdentifier":"68fb8341-b391-41e2-b1f4-edfce75a95e8","Name":"ScriptName","Value":"Siemplify_Change Alert Priority"},{"ParentStepIdentifier":"da236a5c-0c43-49a5-8ab8-f00923675206","ParentWorkflowIdentifier":"68fb8341-b391-41e2-b1f4-edfce75a95e8","Name":"ScriptParametersEntityFields","Value":"{\"Alert Priority\":\"High\"}"},{"ParentStepIdentifier":"da236a5c-0c43-49a5-8ab8-f00923675206","ParentWorkflowIdentifier":"68fb8341-b391-41e2-b1f4-edfce75a95e8","Name":"SelectedScopeName","Value":"All entities"},{"ParentStepIdentifier":"da236a5c-0c43-49a5-8ab8-f00923675206","ParentWorkflowIdentifier":"68fb8341-b391-41e2-b1f4-edfce75a95e8","Name":"UseEntitiesLoopScope","Value":null}],"AutoSkipOnFailure":false,"IsDebugMockData":false,"StepDebugData":null,"ParentStepContainerId":null,"IsTouchedByAi":false,"StartLoopStepIdentifier":null,"ParallelActions":[]},{"Identifier":"fc9e9546-e44b-4ebe-9076-294d05bfd3e2","OriginalStepIdentifier":"b9e1e694-6ec0-4ad0-9800-ff4be2fd7661","ParentWorkflowIdentifier":"68fb8341-b391-41e2-b1f4-edfce75a95e8","ParentStepIdentifiers":["d54ab9e3-76d7-41e6-a5b1-16fb2af88eaf"],"ParentStepIdentifier":"d54ab9e3-76d7-41e6-a5b1-16fb2af88eaf","PreviousResultCondition":"{\n  \"d54ab9e3-76d7-41e6-a5b1-16fb2af88eaf\": \"3\"\n}","InstanceName":"Adjust Alert Priority to Low","IsAutomatic":true,"Name":"Siemplify_Change Alert Priority","IsSkippable":false,"Description":"Automatically changes the alert priority to Low.","ActionProvider":"Scripts","ActionName":"Siemplify_Change Alert Priority","Type":0,"Integration":"Siemplify","Parameters":[{"ParentStepIdentifier":"fc9e9546-e44b-4ebe-9076-294d05bfd3e2","ParentWorkflowIdentifier":"68fb8341-b391-41e2-b1f4-edfce75a95e8","Name":"AssignedUsers","Value":null},{"ParentStepIdentifier":"fc9e9546-e44b-4ebe-9076-294d05bfd3e2","ParentWorkflowIdentifier":"68fb8341-b391-41e2-b1f4-edfce75a95e8","Name":"DynamicInjectionInstancePlaceholder","Value":""},{"ParentStepIdentifier":"fc9e9546-e44b-4ebe-9076-294d05bfd3e2","ParentWorkflowIdentifier":"68fb8341-b391-41e2-b1f4-edfce75a95e8","Name":"FallbackIntegrationInstance","Value":null},{"ParentStepIdentifier":"fc9e9546-e44b-4ebe-9076-294d05bfd3e2","ParentWorkflowIdentifier":"68fb8341-b391-41e2-b1f4-edfce75a95e8","Name":"FetchInstanceByName","Value":"false"},{"ParentStepIdentifier":"fc9e9546-e44b-4ebe-9076-294d05bfd3e2","ParentWorkflowIdentifier":"68fb8341-b391-41e2-b1f4-edfce75a95e8","Name":"HasApprovalLink","Value":null},{"ParentStepIdentifier":"fc9e9546-e44b-4ebe-9076-294d05bfd3e2","ParentWorkflowIdentifier":"68fb8341-b391-41e2-b1f4-edfce75a95e8","Name":"IntegrationInstance","Value":"AutomaticEnvironment"},{"ParentStepIdentifier":"fc9e9546-e44b-4ebe-9076-294d05bfd3e2","ParentWorkflowIdentifier":"68fb8341-b391-41e2-b1f4-edfce75a95e8","Name":"MessageToAssignee","Value":null},{"ParentStepIdentifier":"fc9e9546-e44b-4ebe-9076-294d05bfd3e2","ParentWorkflowIdentifier":"68fb8341-b391-41e2-b1f4-edfce75a95e8","Name":"PendingActionTimeout","Value":null},{"ParentStepIdentifier":"fc9e9546-e44b-4ebe-9076-294d05bfd3e2","ParentWorkflowIdentifier":"68fb8341-b391-41e2-b1f4-edfce75a95e8","Name":"RetryConfiguration","Value":"{\"Enabled\":false,\"IntervalInSeconds\":30,\"NumberOfRetries\":1}"},{"ParentStepIdentifier":"fc9e9546-e44b-4ebe-9076-294d05bfd3e2","ParentWorkflowIdentifier":"68fb8341-b391-41e2-b1f4-edfce75a95e8","Name":"ScriptName","Value":"Siemplify_Change Alert Priority"},{"ParentStepIdentifier":"fc9e9546-e44b-4ebe-9076-294d05bfd3e2","ParentWorkflowIdentifier":"68fb8341-b391-41e2-b1f4-edfce75a95e8","Name":"ScriptParametersEntityFields","Value":"{\"Alert Priority\":\"Low\"}"},{"ParentStepIdentifier":"fc9e9546-e44b-4ebe-9076-294d05bfd3e2","ParentWorkflowIdentifier":"68fb8341-b391-41e2-b1f4-edfce75a95e8","Name":"SelectedScopeName","Value":"All entities"},{"ParentStepIdentifier":"fc9e9546-e44b-4ebe-9076-294d05bfd3e2","ParentWorkflowIdentifier":"68fb8341-b391-41e2-b1f4-edfce75a95e8","Name":"UseEntitiesLoopScope","Value":null}],"AutoSkipOnFailure":false,"IsDebugMockData":false,"StepDebugData":null,"ParentStepContainerId":null,"IsTouchedByAi":false,"StartLoopStepIdentifier":null,"ParallelActions":[]}],"Triggers":[{"Identifier":"25927feb-4c45-48b8-a59a-22aaa8236a36","IsEnabled":true,"DefinitionIdentifier":"68fb8341-b391-41e2-b1f4-edfce75a95e8","Type":10,"WorkflowName":null,"LogicalOperator":0,"Conditions":[{"FieldName":"[Entity.Type]","MatchType":1,"Value":"ADDRESS","CustomOperatorName":null}],"Environments":["*"]}],"OverviewTemplates":[],"Permissions":[],"Environments":["*"]}}