{"CategoryName":"GreyNoisePlaybooks","OverviewTemplatesDetails":[],"WidgetTemplates":[],"Definition":{"Identifier":"13260d2b-6ea2-4ec6-98c8-ab9d1994f4af","IsEnable":true,"Version":0.0,"IsArchived":false,"IsAutomatic":false,"Name":"Noise Elimination - GreyNoise","Category":11,"Description":"Automatically enriches IP entities with GreyNoise threat intelligence and adjusts alert priority based on IP classification (malicious=high, suspicious=medium, benign=low).","Priority":3,"Creator":"98354f51-7714-4bde-b13a-5222e21182bc","VersionCreator":null,"VersionComment":null,"OriginalWorkflowIdentifier":"3dbf69fe-b2c5-436f-ab71-02a68e2706da","TemplateName":null,"PlaybookType":0,"IsDebugMode":false,"DebugBaseAlertIdentifier":"CVE-STATUS-CHANGE_CVE-2012-1235","DebugAlertIdentifier":"CVE-STATUS-CHANGE3FCBC603-7980-4AC5-B944-985BE3A18033","SimulationClone":false,"DefaultAccessLevel":2,"CreationSource":1,"Steps":[{"Identifier":"16d98f6e-daf9-4142-aab6-901fc9bfe799","OriginalStepIdentifier":"95c79b87-6d12-454b-9132-f30deb9b852f","ParentWorkflowIdentifier":"13260d2b-6ea2-4ec6-98c8-ab9d1994f4af","ParentStepIdentifiers":["77584d5a-2973-42ee-a74b-a12df27bd2bf"],"ParentStepIdentifier":"77584d5a-2973-42ee-a74b-a12df27bd2bf","PreviousResultCondition":"{}","InstanceName":"Determine Alert Priority from IP Intelligence","IsAutomatic":true,"Name":"Condition","IsSkippable":false,"Description":"Analyzes GreyNoise IP classification data to automatically assign appropriate alert priority levels.","ActionProvider":"Flow","ActionName":"IfFlowCondition","Type":4,"Integration":"Flow","Parameters":[{"ParentStepIdentifier":"16d98f6e-daf9-4142-aab6-901fc9bfe799","ParentWorkflowIdentifier":"13260d2b-6ea2-4ec6-98c8-ab9d1994f4af","Name":"AssignedUsers","Value":null},{"ParentStepIdentifier":"16d98f6e-daf9-4142-aab6-901fc9bfe799","ParentWorkflowIdentifier":"13260d2b-6ea2-4ec6-98c8-ab9d1994f4af","Name":"Branches","Value":"[{\"LogicalOperator\":1,\"Conditions\":[{\"Operator\":1,\"FieldName\":\"[Entity.GN_classification]\",\"Type\":7,\"Value\":\"malicious\",\"CustomOperatorName\":null},{\"Operator\":0,\"FieldName\":\"[Event.new_state.classification]\",\"Type\":7,\"Value\":\"malicious\",\"CustomOperatorName\":null},{\"Operator\":0,\"FieldName\":\"[Event.new_state]\",\"Type\":7,\"Value\":\"malicious\",\"CustomOperatorName\":null}],\"Order\":1,\"IsDefaultBranch\":false,\"Name\":\"Malicious\"},{\"LogicalOperator\":0,\"Conditions\":[],\"Order\":4,\"IsDefaultBranch\":true,\"Name\":\"Branch\"},{\"LogicalOperator\":1,\"Conditions\":[{\"Operator\":1,\"FieldName\":\"[Entity.GN_classification]\",\"Type\":7,\"Value\":\"suspicious\",\"CustomOperatorName\":null},{\"Operator\":0,\"FieldName\":\"[Event.new_state.classification]\",\"Type\":7,\"Value\":\"suspicious\",\"CustomOperatorName\":null},{\"Operator\":0,\"FieldName\":\"[Event.new_state]\",\"Type\":7,\"Value\":\"suspicious\",\"CustomOperatorName\":null}],\"Order\":2,\"IsDefaultBranch\":false,\"Name\":\"Suspicious\"},{\"LogicalOperator\":1,\"Conditions\":[{\"Operator\":1,\"FieldName\":\"[Entity.GN_classification]\",\"Type\":7,\"Value\":\"benign\",\"CustomOperatorName\":null},{\"Operator\":0,\"FieldName\":\"[Event.new_state.classification]\",\"Type\":7,\"Value\":\"benign\",\"CustomOperatorName\":null},{\"Operator\":0,\"FieldName\":\"[Event.new_state]\",\"Type\":7,\"Value\":\"benign\",\"CustomOperatorName\":null}],\"Order\":3,\"IsDefaultBranch\":false,\"Name\":\"Benign\"}]"},{"ParentStepIdentifier":"16d98f6e-daf9-4142-aab6-901fc9bfe799","ParentWorkflowIdentifier":"13260d2b-6ea2-4ec6-98c8-ab9d1994f4af","Name":"ErrorFallbackBranch","Value":null},{"ParentStepIdentifier":"16d98f6e-daf9-4142-aab6-901fc9bfe799","ParentWorkflowIdentifier":"13260d2b-6ea2-4ec6-98c8-ab9d1994f4af","Name":"HasApprovalLink","Value":null},{"ParentStepIdentifier":"16d98f6e-daf9-4142-aab6-901fc9bfe799","ParentWorkflowIdentifier":"13260d2b-6ea2-4ec6-98c8-ab9d1994f4af","Name":"MessageToAssignee","Value":null},{"ParentStepIdentifier":"16d98f6e-daf9-4142-aab6-901fc9bfe799","ParentWorkflowIdentifier":"13260d2b-6ea2-4ec6-98c8-ab9d1994f4af","Name":"PendingActionTimeout","Value":null},{"ParentStepIdentifier":"16d98f6e-daf9-4142-aab6-901fc9bfe799","ParentWorkflowIdentifier":"13260d2b-6ea2-4ec6-98c8-ab9d1994f4af","Name":"SelectedScopeName","Value":"All enriched entities"},{"ParentStepIdentifier":"16d98f6e-daf9-4142-aab6-901fc9bfe799","ParentWorkflowIdentifier":"13260d2b-6ea2-4ec6-98c8-ab9d1994f4af","Name":"UseEntitiesLoopScope","Value":"true"}],"AutoSkipOnFailure":false,"IsDebugMockData":false,"StepDebugData":null,"ParentStepContainerId":null,"IsTouchedByAi":false,"StartLoopStepIdentifier":null,"ParallelActions":[]},{"Identifier":"77584d5a-2973-42ee-a74b-a12df27bd2bf","OriginalStepIdentifier":"78e4d621-6295-434e-877a-a1d98135de0b","ParentWorkflowIdentifier":"13260d2b-6ea2-4ec6-98c8-ab9d1994f4af","ParentStepIdentifiers":[],"ParentStepIdentifier":"","PreviousResultCondition":"{}","InstanceName":"Enrich IPs with GreyNoise Intelligence","IsAutomatic":true,"Name":"GreyNoise_Quick IP Lookup","IsSkippable":false,"Description":"Queries GreyNoise API to enrich IP entities with classification, trust level, and threat intelligence data.","ActionProvider":"Scripts","ActionName":"GreyNoise_Quick IP Lookup","Type":0,"Integration":"GreyNoise","Parameters":[{"ParentStepIdentifier":"77584d5a-2973-42ee-a74b-a12df27bd2bf","ParentWorkflowIdentifier":"13260d2b-6ea2-4ec6-98c8-ab9d1994f4af","Name":"AssignedUsers","Value":null},{"ParentStepIdentifier":"77584d5a-2973-42ee-a74b-a12df27bd2bf","ParentWorkflowIdentifier":"13260d2b-6ea2-4ec6-98c8-ab9d1994f4af","Name":"DynamicInjectionInstancePlaceholder","Value":""},{"ParentStepIdentifier":"77584d5a-2973-42ee-a74b-a12df27bd2bf","ParentWorkflowIdentifier":"13260d2b-6ea2-4ec6-98c8-ab9d1994f4af","Name":"FallbackIntegrationInstance","Value":"96fd557b-06d6-4c3d-a55a-4a831f0e355c"},{"ParentStepIdentifier":"77584d5a-2973-42ee-a74b-a12df27bd2bf","ParentWorkflowIdentifier":"13260d2b-6ea2-4ec6-98c8-ab9d1994f4af","Name":"FetchInstanceByName","Value":"false"},{"ParentStepIdentifier":"77584d5a-2973-42ee-a74b-a12df27bd2bf","ParentWorkflowIdentifier":"13260d2b-6ea2-4ec6-98c8-ab9d1994f4af","Name":"HasApprovalLink","Value":null},{"ParentStepIdentifier":"77584d5a-2973-42ee-a74b-a12df27bd2bf","ParentWorkflowIdentifier":"13260d2b-6ea2-4ec6-98c8-ab9d1994f4af","Name":"IntegrationInstance","Value":"AutomaticEnvironment"},{"ParentStepIdentifier":"77584d5a-2973-42ee-a74b-a12df27bd2bf","ParentWorkflowIdentifier":"13260d2b-6ea2-4ec6-98c8-ab9d1994f4af","Name":"MessageToAssignee","Value":null},{"ParentStepIdentifier":"77584d5a-2973-42ee-a74b-a12df27bd2bf","ParentWorkflowIdentifier":"13260d2b-6ea2-4ec6-98c8-ab9d1994f4af","Name":"PendingActionTimeout","Value":null},{"ParentStepIdentifier":"77584d5a-2973-42ee-a74b-a12df27bd2bf","ParentWorkflowIdentifier":"13260d2b-6ea2-4ec6-98c8-ab9d1994f4af","Name":"RetryConfiguration","Value":"{\"Enabled\":false,\"IntervalInSeconds\":30,\"NumberOfRetries\":1}"},{"ParentStepIdentifier":"77584d5a-2973-42ee-a74b-a12df27bd2bf","ParentWorkflowIdentifier":"13260d2b-6ea2-4ec6-98c8-ab9d1994f4af","Name":"ScriptName","Value":"GreyNoise_Quick IP Lookup"},{"ParentStepIdentifier":"77584d5a-2973-42ee-a74b-a12df27bd2bf","ParentWorkflowIdentifier":"13260d2b-6ea2-4ec6-98c8-ab9d1994f4af","Name":"ScriptParametersEntityFields","Value":"{}"},{"ParentStepIdentifier":"77584d5a-2973-42ee-a74b-a12df27bd2bf","ParentWorkflowIdentifier":"13260d2b-6ea2-4ec6-98c8-ab9d1994f4af","Name":"SelectedScopeName","Value":"All entities"},{"ParentStepIdentifier":"77584d5a-2973-42ee-a74b-a12df27bd2bf","ParentWorkflowIdentifier":"13260d2b-6ea2-4ec6-98c8-ab9d1994f4af","Name":"UseEntitiesLoopScope","Value":null}],"AutoSkipOnFailure":false,"IsDebugMockData":false,"StepDebugData":{"CreationTimeUnixTimeInMs":0,"ModificationTimeUnixTimeInMs":0,"OriginalWorkflowIdentifier":"3dbf69fe-b2c5-436f-ab71-02a68e2706da","OriginalStepIdentifier":"78e4d621-6295-434e-877a-a1d98135de0b","ResultValue":"true","ResultJson":"{\n  \"ip\": \"8.8.8.8\",\n  \"business_service_intelligence\": {\n    \"found\": true,\n    \"trust_level\": \"1\"\n  },\n  \"internet_scanner_intelligence\": {\n    \"found\": false,\n    \"classification\": \"\"\n  },\n  \"request_metadata\": {\n    \"restricted_fields\": []\n  }\n}","ScopeEntitiesEnrichmentData":[],"ScopeEntitiesEnrichmentDataJson":"[]"},"ParentStepContainerId":null,"IsTouchedByAi":false,"StartLoopStepIdentifier":null,"ParallelActions":[]},{"Identifier":"85f318cd-9783-4e4a-858f-4a1e1df7a7e5","OriginalStepIdentifier":"5cf97c1a-f783-4e3a-88df-3b540a0482df","ParentWorkflowIdentifier":"13260d2b-6ea2-4ec6-98c8-ab9d1994f4af","ParentStepIdentifiers":["16d98f6e-daf9-4142-aab6-901fc9bfe799"],"ParentStepIdentifier":"16d98f6e-daf9-4142-aab6-901fc9bfe799","PreviousResultCondition":"{\"16d98f6e-daf9-4142-aab6-901fc9bfe799\":\"2\"}","InstanceName":"Adjust Alert Priority to Medium","IsAutomatic":true,"Name":"Siemplify_Change Alert Priority","IsSkippable":false,"Description":"Automatically changes the alert priority to Medium.","ActionProvider":"Scripts","ActionName":"Siemplify_Change Alert Priority","Type":0,"Integration":"Siemplify","Parameters":[{"ParentStepIdentifier":"85f318cd-9783-4e4a-858f-4a1e1df7a7e5","ParentWorkflowIdentifier":"13260d2b-6ea2-4ec6-98c8-ab9d1994f4af","Name":"AssignedUsers","Value":null},{"ParentStepIdentifier":"85f318cd-9783-4e4a-858f-4a1e1df7a7e5","ParentWorkflowIdentifier":"13260d2b-6ea2-4ec6-98c8-ab9d1994f4af","Name":"DynamicInjectionInstancePlaceholder","Value":""},{"ParentStepIdentifier":"85f318cd-9783-4e4a-858f-4a1e1df7a7e5","ParentWorkflowIdentifier":"13260d2b-6ea2-4ec6-98c8-ab9d1994f4af","Name":"FallbackIntegrationInstance","Value":"8c3734bd-bcbf-4075-9282-0e9179973044"},{"ParentStepIdentifier":"85f318cd-9783-4e4a-858f-4a1e1df7a7e5","ParentWorkflowIdentifier":"13260d2b-6ea2-4ec6-98c8-ab9d1994f4af","Name":"FetchInstanceByName","Value":"false"},{"ParentStepIdentifier":"85f318cd-9783-4e4a-858f-4a1e1df7a7e5","ParentWorkflowIdentifier":"13260d2b-6ea2-4ec6-98c8-ab9d1994f4af","Name":"HasApprovalLink","Value":null},{"ParentStepIdentifier":"85f318cd-9783-4e4a-858f-4a1e1df7a7e5","ParentWorkflowIdentifier":"13260d2b-6ea2-4ec6-98c8-ab9d1994f4af","Name":"IntegrationInstance","Value":"AutomaticEnvironment"},{"ParentStepIdentifier":"85f318cd-9783-4e4a-858f-4a1e1df7a7e5","ParentWorkflowIdentifier":"13260d2b-6ea2-4ec6-98c8-ab9d1994f4af","Name":"MessageToAssignee","Value":null},{"ParentStepIdentifier":"85f318cd-9783-4e4a-858f-4a1e1df7a7e5","ParentWorkflowIdentifier":"13260d2b-6ea2-4ec6-98c8-ab9d1994f4af","Name":"PendingActionTimeout","Value":null},{"ParentStepIdentifier":"85f318cd-9783-4e4a-858f-4a1e1df7a7e5","ParentWorkflowIdentifier":"13260d2b-6ea2-4ec6-98c8-ab9d1994f4af","Name":"RetryConfiguration","Value":"{\"Enabled\":false,\"IntervalInSeconds\":30,\"NumberOfRetries\":1}"},{"ParentStepIdentifier":"85f318cd-9783-4e4a-858f-4a1e1df7a7e5","ParentWorkflowIdentifier":"13260d2b-6ea2-4ec6-98c8-ab9d1994f4af","Name":"ScriptName","Value":"Siemplify_Change Alert Priority"},{"ParentStepIdentifier":"85f318cd-9783-4e4a-858f-4a1e1df7a7e5","ParentWorkflowIdentifier":"13260d2b-6ea2-4ec6-98c8-ab9d1994f4af","Name":"ScriptParametersEntityFields","Value":"{\"Alert Priority\":\"Medium\"}"},{"ParentStepIdentifier":"85f318cd-9783-4e4a-858f-4a1e1df7a7e5","ParentWorkflowIdentifier":"13260d2b-6ea2-4ec6-98c8-ab9d1994f4af","Name":"SelectedScopeName","Value":"All entities"},{"ParentStepIdentifier":"85f318cd-9783-4e4a-858f-4a1e1df7a7e5","ParentWorkflowIdentifier":"13260d2b-6ea2-4ec6-98c8-ab9d1994f4af","Name":"UseEntitiesLoopScope","Value":null}],"AutoSkipOnFailure":false,"IsDebugMockData":false,"StepDebugData":null,"ParentStepContainerId":null,"IsTouchedByAi":false,"StartLoopStepIdentifier":null,"ParallelActions":[]},{"Identifier":"abf3d006-9177-46a3-86c8-fd3d00180db1","OriginalStepIdentifier":"c11dbc7c-dbe2-4f48-8e92-31ed8d606198","ParentWorkflowIdentifier":"13260d2b-6ea2-4ec6-98c8-ab9d1994f4af","ParentStepIdentifiers":["16d98f6e-daf9-4142-aab6-901fc9bfe799"],"ParentStepIdentifier":"16d98f6e-daf9-4142-aab6-901fc9bfe799","PreviousResultCondition":"{\"16d98f6e-daf9-4142-aab6-901fc9bfe799\":\"1\"}","InstanceName":"Adjust Alert Priority to High","IsAutomatic":true,"Name":"Siemplify_Change Alert Priority","IsSkippable":false,"Description":"Automatically changes the alert priority to High.","ActionProvider":"Scripts","ActionName":"Siemplify_Change Alert Priority","Type":0,"Integration":"Siemplify","Parameters":[{"ParentStepIdentifier":"abf3d006-9177-46a3-86c8-fd3d00180db1","ParentWorkflowIdentifier":"13260d2b-6ea2-4ec6-98c8-ab9d1994f4af","Name":"AssignedUsers","Value":null},{"ParentStepIdentifier":"abf3d006-9177-46a3-86c8-fd3d00180db1","ParentWorkflowIdentifier":"13260d2b-6ea2-4ec6-98c8-ab9d1994f4af","Name":"DynamicInjectionInstancePlaceholder","Value":""},{"ParentStepIdentifier":"abf3d006-9177-46a3-86c8-fd3d00180db1","ParentWorkflowIdentifier":"13260d2b-6ea2-4ec6-98c8-ab9d1994f4af","Name":"FallbackIntegrationInstance","Value":"8c3734bd-bcbf-4075-9282-0e9179973044"},{"ParentStepIdentifier":"abf3d006-9177-46a3-86c8-fd3d00180db1","ParentWorkflowIdentifier":"13260d2b-6ea2-4ec6-98c8-ab9d1994f4af","Name":"FetchInstanceByName","Value":"false"},{"ParentStepIdentifier":"abf3d006-9177-46a3-86c8-fd3d00180db1","ParentWorkflowIdentifier":"13260d2b-6ea2-4ec6-98c8-ab9d1994f4af","Name":"HasApprovalLink","Value":null},{"ParentStepIdentifier":"abf3d006-9177-46a3-86c8-fd3d00180db1","ParentWorkflowIdentifier":"13260d2b-6ea2-4ec6-98c8-ab9d1994f4af","Name":"IntegrationInstance","Value":"AutomaticEnvironment"},{"ParentStepIdentifier":"abf3d006-9177-46a3-86c8-fd3d00180db1","ParentWorkflowIdentifier":"13260d2b-6ea2-4ec6-98c8-ab9d1994f4af","Name":"MessageToAssignee","Value":null},{"ParentStepIdentifier":"abf3d006-9177-46a3-86c8-fd3d00180db1","ParentWorkflowIdentifier":"13260d2b-6ea2-4ec6-98c8-ab9d1994f4af","Name":"PendingActionTimeout","Value":null},{"ParentStepIdentifier":"abf3d006-9177-46a3-86c8-fd3d00180db1","ParentWorkflowIdentifier":"13260d2b-6ea2-4ec6-98c8-ab9d1994f4af","Name":"RetryConfiguration","Value":"{\"Enabled\":false,\"IntervalInSeconds\":30,\"NumberOfRetries\":1}"},{"ParentStepIdentifier":"abf3d006-9177-46a3-86c8-fd3d00180db1","ParentWorkflowIdentifier":"13260d2b-6ea2-4ec6-98c8-ab9d1994f4af","Name":"ScriptName","Value":"Siemplify_Change Alert Priority"},{"ParentStepIdentifier":"abf3d006-9177-46a3-86c8-fd3d00180db1","ParentWorkflowIdentifier":"13260d2b-6ea2-4ec6-98c8-ab9d1994f4af","Name":"ScriptParametersEntityFields","Value":"{\"Alert Priority\":\"High\"}"},{"ParentStepIdentifier":"abf3d006-9177-46a3-86c8-fd3d00180db1","ParentWorkflowIdentifier":"13260d2b-6ea2-4ec6-98c8-ab9d1994f4af","Name":"SelectedScopeName","Value":"All entities"},{"ParentStepIdentifier":"abf3d006-9177-46a3-86c8-fd3d00180db1","ParentWorkflowIdentifier":"13260d2b-6ea2-4ec6-98c8-ab9d1994f4af","Name":"UseEntitiesLoopScope","Value":null}],"AutoSkipOnFailure":false,"IsDebugMockData":false,"StepDebugData":null,"ParentStepContainerId":null,"IsTouchedByAi":false,"StartLoopStepIdentifier":null,"ParallelActions":[]},{"Identifier":"d0ddedc4-d7bd-49fa-8ccc-56038e16c336","OriginalStepIdentifier":"b9e1e694-6ec0-4ad0-9800-ff4be2fd7661","ParentWorkflowIdentifier":"13260d2b-6ea2-4ec6-98c8-ab9d1994f4af","ParentStepIdentifiers":["16d98f6e-daf9-4142-aab6-901fc9bfe799"],"ParentStepIdentifier":"16d98f6e-daf9-4142-aab6-901fc9bfe799","PreviousResultCondition":"{\"16d98f6e-daf9-4142-aab6-901fc9bfe799\":\"3\"}","InstanceName":"Adjust Alert Priority to Low","IsAutomatic":true,"Name":"Siemplify_Change Alert Priority","IsSkippable":false,"Description":"Automatically changes the alert priority to Low.","ActionProvider":"Scripts","ActionName":"Siemplify_Change Alert Priority","Type":0,"Integration":"Siemplify","Parameters":[{"ParentStepIdentifier":"d0ddedc4-d7bd-49fa-8ccc-56038e16c336","ParentWorkflowIdentifier":"13260d2b-6ea2-4ec6-98c8-ab9d1994f4af","Name":"AssignedUsers","Value":null},{"ParentStepIdentifier":"d0ddedc4-d7bd-49fa-8ccc-56038e16c336","ParentWorkflowIdentifier":"13260d2b-6ea2-4ec6-98c8-ab9d1994f4af","Name":"DynamicInjectionInstancePlaceholder","Value":""},{"ParentStepIdentifier":"d0ddedc4-d7bd-49fa-8ccc-56038e16c336","ParentWorkflowIdentifier":"13260d2b-6ea2-4ec6-98c8-ab9d1994f4af","Name":"FallbackIntegrationInstance","Value":"8c3734bd-bcbf-4075-9282-0e9179973044"},{"ParentStepIdentifier":"d0ddedc4-d7bd-49fa-8ccc-56038e16c336","ParentWorkflowIdentifier":"13260d2b-6ea2-4ec6-98c8-ab9d1994f4af","Name":"FetchInstanceByName","Value":"false"},{"ParentStepIdentifier":"d0ddedc4-d7bd-49fa-8ccc-56038e16c336","ParentWorkflowIdentifier":"13260d2b-6ea2-4ec6-98c8-ab9d1994f4af","Name":"HasApprovalLink","Value":null},{"ParentStepIdentifier":"d0ddedc4-d7bd-49fa-8ccc-56038e16c336","ParentWorkflowIdentifier":"13260d2b-6ea2-4ec6-98c8-ab9d1994f4af","Name":"IntegrationInstance","Value":"AutomaticEnvironment"},{"ParentStepIdentifier":"d0ddedc4-d7bd-49fa-8ccc-56038e16c336","ParentWorkflowIdentifier":"13260d2b-6ea2-4ec6-98c8-ab9d1994f4af","Name":"MessageToAssignee","Value":null},{"ParentStepIdentifier":"d0ddedc4-d7bd-49fa-8ccc-56038e16c336","ParentWorkflowIdentifier":"13260d2b-6ea2-4ec6-98c8-ab9d1994f4af","Name":"PendingActionTimeout","Value":null},{"ParentStepIdentifier":"d0ddedc4-d7bd-49fa-8ccc-56038e16c336","ParentWorkflowIdentifier":"13260d2b-6ea2-4ec6-98c8-ab9d1994f4af","Name":"RetryConfiguration","Value":"{\"Enabled\":false,\"IntervalInSeconds\":30,\"NumberOfRetries\":1}"},{"ParentStepIdentifier":"d0ddedc4-d7bd-49fa-8ccc-56038e16c336","ParentWorkflowIdentifier":"13260d2b-6ea2-4ec6-98c8-ab9d1994f4af","Name":"ScriptName","Value":"Siemplify_Change Alert Priority"},{"ParentStepIdentifier":"d0ddedc4-d7bd-49fa-8ccc-56038e16c336","ParentWorkflowIdentifier":"13260d2b-6ea2-4ec6-98c8-ab9d1994f4af","Name":"ScriptParametersEntityFields","Value":"{\"Alert Priority\":\"Low\"}"},{"ParentStepIdentifier":"d0ddedc4-d7bd-49fa-8ccc-56038e16c336","ParentWorkflowIdentifier":"13260d2b-6ea2-4ec6-98c8-ab9d1994f4af","Name":"SelectedScopeName","Value":"All entities"},{"ParentStepIdentifier":"d0ddedc4-d7bd-49fa-8ccc-56038e16c336","ParentWorkflowIdentifier":"13260d2b-6ea2-4ec6-98c8-ab9d1994f4af","Name":"UseEntitiesLoopScope","Value":null}],"AutoSkipOnFailure":false,"IsDebugMockData":false,"StepDebugData":null,"ParentStepContainerId":null,"IsTouchedByAi":false,"StartLoopStepIdentifier":null,"ParallelActions":[]},{"Identifier":"dc33318c-885b-44a6-a53c-f17e08c3c3d8","OriginalStepIdentifier":"1f5da891-96ef-4e0d-b7d2-5c3188259c70","ParentWorkflowIdentifier":"13260d2b-6ea2-4ec6-98c8-ab9d1994f4af","ParentStepIdentifiers":["16d98f6e-daf9-4142-aab6-901fc9bfe799"],"ParentStepIdentifier":"16d98f6e-daf9-4142-aab6-901fc9bfe799","PreviousResultCondition":"{\"16d98f6e-daf9-4142-aab6-901fc9bfe799\":\"4\"}","InstanceName":"Add a comment to the case","IsAutomatic":true,"Name":"Siemplify_Case Comment","IsSkippable":false,"Description":"Add a comment to the case when no Suspicious, Malicious, or Benign entities are found.","ActionProvider":"Scripts","ActionName":"Siemplify_Case Comment","Type":0,"Integration":"Siemplify","Parameters":[{"ParentStepIdentifier":"dc33318c-885b-44a6-a53c-f17e08c3c3d8","ParentWorkflowIdentifier":"13260d2b-6ea2-4ec6-98c8-ab9d1994f4af","Name":"AssignedUsers","Value":null},{"ParentStepIdentifier":"dc33318c-885b-44a6-a53c-f17e08c3c3d8","ParentWorkflowIdentifier":"13260d2b-6ea2-4ec6-98c8-ab9d1994f4af","Name":"DynamicInjectionInstancePlaceholder","Value":""},{"ParentStepIdentifier":"dc33318c-885b-44a6-a53c-f17e08c3c3d8","ParentWorkflowIdentifier":"13260d2b-6ea2-4ec6-98c8-ab9d1994f4af","Name":"FallbackIntegrationInstance","Value":"8c3734bd-bcbf-4075-9282-0e9179973044"},{"ParentStepIdentifier":"dc33318c-885b-44a6-a53c-f17e08c3c3d8","ParentWorkflowIdentifier":"13260d2b-6ea2-4ec6-98c8-ab9d1994f4af","Name":"FetchInstanceByName","Value":"false"},{"ParentStepIdentifier":"dc33318c-885b-44a6-a53c-f17e08c3c3d8","ParentWorkflowIdentifier":"13260d2b-6ea2-4ec6-98c8-ab9d1994f4af","Name":"HasApprovalLink","Value":null},{"ParentStepIdentifier":"dc33318c-885b-44a6-a53c-f17e08c3c3d8","ParentWorkflowIdentifier":"13260d2b-6ea2-4ec6-98c8-ab9d1994f4af","Name":"IntegrationInstance","Value":"AutomaticEnvironment"},{"ParentStepIdentifier":"dc33318c-885b-44a6-a53c-f17e08c3c3d8","ParentWorkflowIdentifier":"13260d2b-6ea2-4ec6-98c8-ab9d1994f4af","Name":"MessageToAssignee","Value":null},{"ParentStepIdentifier":"dc33318c-885b-44a6-a53c-f17e08c3c3d8","ParentWorkflowIdentifier":"13260d2b-6ea2-4ec6-98c8-ab9d1994f4af","Name":"PendingActionTimeout","Value":null},{"ParentStepIdentifier":"dc33318c-885b-44a6-a53c-f17e08c3c3d8","ParentWorkflowIdentifier":"13260d2b-6ea2-4ec6-98c8-ab9d1994f4af","Name":"RetryConfiguration","Value":"{\"Enabled\":false,\"IntervalInSeconds\":30,\"NumberOfRetries\":1}"},{"ParentStepIdentifier":"dc33318c-885b-44a6-a53c-f17e08c3c3d8","ParentWorkflowIdentifier":"13260d2b-6ea2-4ec6-98c8-ab9d1994f4af","Name":"ScriptName","Value":"Siemplify_Case Comment"},{"ParentStepIdentifier":"dc33318c-885b-44a6-a53c-f17e08c3c3d8","ParentWorkflowIdentifier":"13260d2b-6ea2-4ec6-98c8-ab9d1994f4af","Name":"ScriptParametersEntityFields","Value":"{\"Comment\":\"No Suspicions, Malicious or Benign entities found.\"}"},{"ParentStepIdentifier":"dc33318c-885b-44a6-a53c-f17e08c3c3d8","ParentWorkflowIdentifier":"13260d2b-6ea2-4ec6-98c8-ab9d1994f4af","Name":"SelectedScopeName","Value":"All entities"},{"ParentStepIdentifier":"dc33318c-885b-44a6-a53c-f17e08c3c3d8","ParentWorkflowIdentifier":"13260d2b-6ea2-4ec6-98c8-ab9d1994f4af","Name":"UseEntitiesLoopScope","Value":null}],"AutoSkipOnFailure":false,"IsDebugMockData":false,"StepDebugData":null,"ParentStepContainerId":null,"IsTouchedByAi":false,"StartLoopStepIdentifier":null,"ParallelActions":[]}],"Triggers":[{"Identifier":"eabbbfb2-010c-405d-b34d-eede0a11e9cb","IsEnabled":true,"DefinitionIdentifier":"13260d2b-6ea2-4ec6-98c8-ab9d1994f4af","Type":10,"WorkflowName":null,"LogicalOperator":0,"Conditions":[{"FieldName":"[Entity.Type]","MatchType":1,"Value":"ADDRESS","CustomOperatorName":null}],"Environments":["*"]}],"OverviewTemplates":[],"Permissions":[],"Environments":["*"]}}